market,ma,ngay,gia_dong_cua,gia_tri_thay_doi,phan_tram_thay_doi,gia_tham_chieu,gia_mo_cua,gia_cao_nhat,gia_thap_nhat,khoi_luong_giao_dich_khop_lenh,gia_tri_giao_dich_khop_lenh,khoi_luong_giao_dich_thoa_thuan,gia_tri_giao_dich_thoa_thuan
HOSE,YEG,2022-11-21,8.56,0.56,0.07,8.0,8.27,8.56,8.01,137000,1150000000,0,0
HOSE,VOS,2022-11-21,7.49,0.49,0.07,7.0,7.1,7.49,7.1,569500,4248000000,0,0
HOSE,THI,2022-11-21,21.4,1.4,0.07,20.0,21.4,21.4,21.4,100,2000000,0,0
HOSE,GVR,2022-11-21,13.0,0.85,0.07,12.15,12.45,13.0,12.4,2822100,36292000000,0,0
HOSE,VRC,2022-11-21,6.73,0.44,0.07,6.29,5.96,6.73,5.9,38000,247000000,0,0
HOSE,NVT,2022-11-21,6.59,0.43,0.0698,6.16,6.55,6.59,6.5,9600,62000000,0,0
HOSE,DXS,2022-11-21,5.37,0.35,0.0697,5.02,5.37,5.37,5.3,1559100,8365000000,0,0
HOSE,HTL,2022-11-21,15.35,1.0,0.0697,14.35,15.35,15.35,15.35,100,1000000,0,0
HOSE,NLG,2022-11-21,23.05,1.5,0.0696,21.55,23.0,23.05,22.55,5515400,127019000000,590000,13595500000
HOSE,ITC,2022-11-21,7.24,0.47,0.0694,6.77,7.24,7.24,7.24,41500,300000000,0,0
HOSE,DPG,2022-11-21,22.35,1.45,0.0694,20.9,22.3,22.35,21.4,441500,9786000000,0,0
HOSE,COM,2022-11-21,31.6,2.05,0.0694,29.55,27.55,31.6,27.55,300,9000000,0,0
HOSE,JVC,2022-11-21,2.93,0.19,0.0693,2.74,2.8,2.93,2.8,731400,2116000000,0,0
HOSE,PJT,2022-11-21,8.02,0.52,0.0693,7.5,7.5,8.02,7.5,600,4000000,0,0
HOSE,APH,2022-11-21,7.25,0.47,0.0693,6.78,6.8,7.25,6.8,2886200,20467000000,0,0
HOSE,ANV,2022-11-21,19.3,1.25,0.0693,18.05,18.9,19.3,18.65,989100,18939000000,797000,15143000000
HOSE,SJF,2022-11-21,3.09,0.2,0.0692,2.89,3.09,3.09,3.07,481200,1486000000,0,0
HOSE,NHA,2022-11-21,10.05,0.65,0.0691,9.4,10.0,10.05,9.7,331300,3315000000,0,0
HOSE,QCG,2022-11-21,4.33,0.28,0.0691,4.05,4.3,4.33,4.2,479400,2062000000,0,0
HOSE,SAM,2022-11-21,6.19,0.4,0.0691,5.79,5.86,6.19,5.86,2248300,13655000000,330000,1980000000
HOSE,PLP,2022-11-21,4.18,0.27,0.0691,3.91,3.96,4.18,3.9,178400,719000000,0,0
HOSE,TCH,2022-11-21,7.44,0.48,0.069,6.96,7.2,7.44,7.15,5389400,39524000000,0,0
HOSE,HAG,2022-11-21,7.75,0.5,0.069,7.25,7.75,7.75,7.54,16524200,127683000000,0,0
HOSE,ELC,2022-11-21,7.75,0.5,0.069,7.25,7.26,7.75,7.25,216500,1659000000,0,0
HOSE,HSG,2022-11-21,9.61,0.62,0.069,8.99,9.2,9.61,9.1,11423500,106997000000,2600,23374000
HOSE,TDH,2022-11-21,2.95,0.19,0.0688,2.76,2.79,2.95,2.76,270200,795000000,0,0
HOSE,GIL,2022-11-21,21.75,1.4,0.0688,20.35,21.6,21.75,21.05,698300,15109000000,0,0
HOSE,TTF,2022-11-21,4.04,0.26,0.0688,3.78,4.04,4.04,4.04,2162500,8736000000,0,0
HOSE,HHS,2022-11-21,3.42,0.22,0.0687,3.2,3.3,3.42,3.23,1939700,6553000000,0,0
HOSE,DAH,2022-11-21,3.42,0.22,0.0687,3.2,3.24,3.42,3.23,256800,861000000,0,0
HOSE,HAH,2022-11-21,28.0,1.8,0.0687,26.2,26.5,28.0,26.2,654800,18179000000,0,0
HOSE,LDG,2022-11-21,4.2,0.27,0.0687,3.93,3.91,4.2,3.9,8796400,35555000000,0,0
HOSE,TCD,2022-11-21,4.98,0.32,0.0687,4.66,4.98,4.98,4.91,645600,3214000000,0,0
HOSE,DTT,2022-11-21,12.45,0.8,0.0687,11.65,10.85,12.45,10.85,200,2000000,0,0
HOSE,PTC,2022-11-21,4.67,0.3,0.06860000000000001,4.37,4.55,4.67,4.09,180600,836000000,0,0
HOSE,LCG,2022-11-21,5.77,0.37,0.06849999999999999,5.4,5.53,5.77,5.45,3040600,17102000000,0,0
HOSE,APG,2022-11-21,3.28,0.21,0.0684,3.07,3.28,3.28,3.28,448300,1470000000,0,0
HOSE,TMS,2022-11-21,68.8,4.4,0.0683,64.4,68.8,68.8,68.8,100,6000000,0,0
HOSE,DLG,2022-11-21,1.88,0.12,0.0682,1.76,1.84,1.88,1.8,1527400,2850000000,0,0
HOSE,PC1,2022-11-21,16.45,1.05,0.0682,15.4,15.8,16.45,15.8,1409800,22938000000,0,0
HOSE,VAF,2022-11-21,9.27,0.59,0.068,8.68,8.21,9.27,8.21,300,2000000,0,0
HOSE,DRH,2022-11-21,3.3,0.21,0.068,3.09,3.3,3.3,3.2,959400,3150000000,0,0
HOSE,NAV,2022-11-21,19.65,1.25,0.0679,18.4,19.65,19.65,19.65,200,3000000,0,0
HOSE,LGL,2022-11-21,2.52,0.16,0.0678,2.36,2.37,2.52,2.37,139000,347000000,0,0
HOSE,HQC,2022-11-21,2.05,0.13,0.0677,1.92,1.98,2.05,1.95,10478700,21365000000,0,0
HOSE,TCR,2022-11-21,2.84,0.18,0.0677,2.66,2.66,2.84,2.66,9100,25000000,0,0
HOSE,FIT,2022-11-21,3.63,0.23,0.0676,3.4,3.59,3.63,3.41,2719700,9823000000,0,0
HOSE,EVG,2022-11-21,3.95,0.25,0.0676,3.7,3.78,3.95,3.6,1412200,5404000000,0,0
HOSE,NKG,2022-11-21,9.66,0.61,0.0674,9.05,9.13,9.66,9.1,7180600,67808000000,0,0
HOSE,DIG,2022-11-21,12.7,0.8,0.0672,11.9,12.7,12.7,12.45,29409600,372131000000,0,0
HOSE,QBS,2022-11-21,1.75,0.11,0.06709999999999999,1.64,1.68,1.75,1.6,687300,1181000000,0,0
HOSE,MCG,2022-11-21,1.75,0.11,0.06709999999999999,1.64,1.75,1.75,1.75,20100,35000000,0,0
HOSE,VIP,2022-11-21,6.71,0.42,0.0668,6.29,6.3,6.73,6.3,327500,2187000000,0,0
HOSE,HID,2022-11-21,2.56,0.16,0.0667,2.4,2.34,2.56,2.34,355200,895000000,0,0
HOSE,AMD,2022-11-21,1.12,0.07,0.0667,1.05,1.05,1.12,1.05,1467500,1640000000,0,0
HOSE,CII,2022-11-21,12.85,0.8,0.0664,12.05,12.5,12.85,12.05,4830700,60503000000,0,0
HOSE,HVH,2022-11-21,4.7,0.29,0.0658,4.41,4.62,4.7,4.55,137000,637000000,0,0
HOSE,VID,2022-11-21,6.08,0.37,0.06480000000000001,5.71,5.99,6.08,5.99,10100,60000000,0,0
HOSE,SMA,2022-11-21,7.4,0.45,0.0647,6.95,6.5,7.4,6.5,1100,7000000,0,0
HOSE,TIP,2022-11-21,16.45,1.0,0.0647,15.45,15.9,16.5,15.5,86400,1407000000,0,0
HOSE,SFI,2022-11-21,33.9,2.05,0.0644,31.85,31.8,33.9,31.8,16100,535000000,0,0
HOSE,ACL,2022-11-21,10.45,0.62,0.06309999999999999,9.83,10.2,10.5,9.95,122500,1271000000,0,0
HOSE,TBC,2022-11-21,29.2,1.7,0.061799999999999994,27.5,28.95,29.2,28.95,3500,101000000,0,0
HOSE,SCR,2022-11-21,5.0,0.29,0.0616,4.71,4.91,5.01,4.8,4452400,21950000000,0,0
HOSE,SHI,2022-11-21,14.8,0.85,0.060899999999999996,13.95,14.8,14.8,14.4,75500,1111000000,653000,9729700000
HOSE,AAA,2022-11-21,7.0,0.4,0.060599999999999994,6.6,6.65,7.04,6.61,4592100,31550000000,0,0
HOSE,GMC,2022-11-21,11.4,0.65,0.0605,10.75,11.0,11.45,11.0,3700,41000000,0,0
HOSE,CIG,2022-11-21,3.37,0.19,0.059699999999999996,3.18,3.18,3.4,3.15,117900,391000000,0,0
HOSE,TLD,2022-11-21,3.2,0.18,0.0596,3.02,3.05,3.2,3.05,65900,207000000,0,0
HOSE,CCL,2022-11-21,5.4,0.3,0.0588,5.1,5.0,5.45,5.0,93300,495000000,0,0
HOSE,DXV,2022-11-21,4.33,0.23,0.056100000000000004,4.1,3.82,4.35,3.82,600,2000000,0,0
HOSE,FCN,2022-11-21,7.59,0.4,0.0556,7.19,7.19,7.67,7.19,1488500,11011000000,0,0
HOSE,HAR,2022-11-21,3.27,0.17,0.0548,3.1,3.12,3.3,3.12,308000,995000000,0,0
HOSE,NT2,2022-11-21,24.25,1.25,0.054299999999999994,23.0,23.1,24.25,23.05,716000,17089000000,0,0
HOSE,HVX,2022-11-21,2.54,0.13,0.053899999999999997,2.41,2.55,2.55,2.46,5000,12000000,0,0
HOSE,SGT,2022-11-21,10.0,0.5,0.0526,9.5,8.93,10.0,8.93,57400,526000000,0,0
HOSE,HHV,2022-11-21,8.3,0.41,0.052000000000000005,7.89,8.0,8.34,8.0,2045200,16796000000,0,0
HOSE,SII,2022-11-21,14.2,0.7,0.0519,13.5,13.5,14.2,13.5,200,2000000,0,0
HOSE,BCG,2022-11-21,5.71,0.28,0.0516,5.43,5.5,5.75,5.5,4654500,26370000000,608000,3301440000
HOSE,VIX,2022-11-21,6.8,0.33,0.051,6.47,6.65,6.87,6.43,13185800,86883000000,0,0
HOSE,HBC,2022-11-21,8.09,0.39,0.0506,7.7,8.0,8.12,7.7,2495800,19954000000,0,0
HOSE,LHG,2022-11-21,18.7,0.9,0.0506,17.8,18.6,18.7,18.3,149900,2784000000,0,0
HOSE,NHT,2022-11-21,14.55,0.7,0.050499999999999996,13.85,14.55,14.55,14.55,100,1000000,0,0
HOSE,TRA,2022-11-21,94.5,4.5,0.05,90.0,90.0,94.5,90.0,5000,458000000,0,0
HOSE,UDC,2022-11-21,6.3,0.3,0.05,6.0,6.0,6.3,5.62,25800,158000000,0,0
HOSE,SGR,2022-11-21,13.8,0.65,0.049400000000000006,13.15,13.4,14.0,13.3,34300,465000000,0,0
HOSE,TLH,2022-11-21,5.75,0.27,0.0493,5.48,5.79,5.85,5.51,339800,1939000000,0,0
HOSE,DC4,2022-11-21,6.8,0.31,0.0478,6.49,6.4,6.8,6.4,76500,499000000,0,0
HOSE,TNI,2022-11-21,3.2,0.14,0.0458,3.06,3.27,3.27,3.01,460500,1476000000,0,0
HOSE,ILB,2022-11-21,24.15,1.05,0.0455,23.1,24.0,24.5,24.0,4000,97000000,0,0
HOSE,HAP,2022-11-21,4.66,0.2,0.044800000000000006,4.46,4.55,4.68,4.4,457800,2081000000,0,0
HOSE,RAL,2022-11-21,72.5,3.1,0.0447,69.4,71.0,72.5,70.0,61100,4395000000,0,0
HOSE,NAF,2022-11-21,8.34,0.35,0.0438,7.99,8.48,8.48,8.05,56500,464000000,0,0
HOSE,VTO,2022-11-21,6.69,0.28,0.0437,6.41,6.45,6.69,6.4,241000,1570000000,0,0
HOSE,CMX,2022-11-21,6.62,0.27,0.0425,6.35,6.45,6.73,6.45,453600,2995000000,0,0
HOSE,SZC,2022-11-21,26.65,1.05,0.040999999999999995,25.6,26.0,27.35,26.0,652800,17555000000,0,0
HOSE,PMG,2022-11-21,12.95,0.5,0.04019999999999999,12.45,12.95,12.95,12.4,500,6000000,0,0
HOSE,VSH,2022-11-21,28.85,1.1,0.039599999999999996,27.75,27.75,28.85,27.75,54700,1529000000,0,0
HOSE,NHH,2022-11-21,13.2,0.5,0.0394,12.7,12.75,13.4,12.75,263000,3422000000,0,0
HOSE,TGG,2022-11-21,2.65,0.1,0.0392,2.55,2.67,2.67,2.5,611400,1589000000,0,0
HOSE,TMP,2022-11-21,50.5,1.9,0.0391,48.6,51.0,51.0,50.2,1200,60000000,0,0
HOSE,BSI,2022-11-21,14.8,0.55,0.038599999999999995,14.25,14.65,14.85,14.3,426600,6232000000,0,0
HOSE,LM8,2022-11-21,8.5,0.31,0.0379,8.19,8.2,8.5,8.19,1000,8000000,0,0
HOSE,CTR,2022-11-21,42.1,1.5,0.0369,40.6,41.0,42.75,41.0,327500,13727000000,0,0
HOSE,SCD,2022-11-21,14.05,0.5,0.0369,13.55,12.65,14.05,12.65,200,2000000,0,0
HOSE,PTL,2022-11-21,3.44,0.12,0.0361,3.32,3.32,3.44,3.15,89900,296000000,0,0
HOSE,PAN,2022-11-21,14.35,0.5,0.0361,13.85,14.05,14.8,13.95,2676200,38696000000,0,0
HOSE,FMC,2022-11-21,31.75,1.1,0.0359,30.65,30.85,32.0,30.6,71900,2234000000,0,0
HOSE,VNG,2022-11-21,7.85,0.27,0.0356,7.58,7.88,7.88,7.12,27400,213000000,0,0
HOSE,VPH,2022-11-21,4.2,0.14,0.0345,4.06,4.1,4.2,4.04,149800,614000000,0,0
HOSE,TYA,2022-11-21,12.1,0.4,0.0342,11.7,11.65,12.1,11.65,14500,171000000,0,0
HOSE,FCM,2022-11-21,3.34,0.11,0.0341,3.23,3.23,3.4,3.23,27300,91000000,0,0
HOSE,DBC,2022-11-21,12.45,0.4,0.0332,12.05,12.4,12.6,12.0,2485400,30609000000,0,0
HOSE,CMV,2022-11-21,9.07,0.29,0.033,8.78,8.32,9.07,8.32,1200,10000000,0,0
HOSE,TDC,2022-11-21,8.5,0.27,0.032799999999999996,8.23,8.3,8.54,8.3,783300,6623000000,0,0
HOSE,ITA,2022-11-21,3.25,0.1,0.0317,3.15,3.17,3.28,3.17,2316200,7482000000,0,0
HOSE,OPC,2022-11-21,23.2,0.7,0.0311,22.5,22.9,23.2,22.65,7400,171000000,0,0
HOSE,PVD,2022-11-21,13.35,0.4,0.030899999999999997,12.95,13.0,13.45,12.7,4859700,63983000000,0,0
HOSE,BIC,2022-11-21,26.8,0.8,0.0308,26.0,24.25,26.8,24.25,19400,511000000,0,0
HOSE,PSH,2022-11-21,4.75,0.14,0.0304,4.61,4.72,4.75,4.61,166800,777000000,0,0
HOSE,SHB,2022-11-21,10.4,0.3,0.0297,10.1,10.25,10.5,10.1,11613300,119527000000,6435200,66246520000
HOSE,CLC,2022-11-21,32.95,0.95,0.0297,32.0,32.95,32.95,32.95,1400,46000000,0,0
HOSE,IBC,2022-11-21,15.8,0.45,0.029300000000000003,15.35,14.3,16.05,14.3,46100,703000000,492288,7039718400
HOSE,VCG,2022-11-21,14.2,0.4,0.028999999999999998,13.8,14.1,14.5,13.85,5533300,78424000000,0,0
HOSE,C47,2022-11-21,7.1,0.2,0.028999999999999998,6.9,7.24,7.38,7.0,121900,866000000,0,0
HOSE,DQC,2022-11-21,14.25,0.4,0.028900000000000002,13.85,14.05,14.5,13.35,9500,132000000,0,0
HOSE,KSB,2022-11-21,14.35,0.4,0.0287,13.95,14.15,14.6,14.0,1335800,19067000000,0,0
HOSE,NBB,2022-11-21,13.15,0.35,0.0273,12.8,12.7,13.4,12.6,722600,9404000000,80000,1024000000
HOSE,DHC,2022-11-21,36.0,0.95,0.0271,35.05,37.5,37.5,34.0,995300,35598000000,0,0
HOSE,TVB,2022-11-21,3.8,0.1,0.027000000000000003,3.7,3.79,3.95,3.77,267900,1032000000,0,0
HOSE,AST,2022-11-21,49.9,1.3,0.026699999999999998,48.6,50.0,50.0,49.9,7600,379000000,0,0
HOSE,HUB,2022-11-21,13.55,0.35,0.0265,13.2,13.85,13.95,13.1,49200,664000000,0,0
HOSE,BCE,2022-11-21,5.44,0.14,0.0264,5.3,5.4,5.59,5.0,47000,250000000,0,0
HOSE,DHA,2022-11-21,27.7,0.7,0.0259,27.0,27.8,27.8,26.5,52000,1410000000,0,0
HOSE,TSC,2022-11-21,3.25,0.08,0.0252,3.17,3.27,3.37,3.17,1330800,4342000000,0,0
HOSE,SBA,2022-11-21,24.6,0.6,0.025,24.0,23.9,24.6,22.35,10400,247000000,0,0
HOSE,KBC,2022-11-21,16.8,0.4,0.024399999999999998,16.4,16.6,17.05,16.6,7685900,129413000000,0,0
HOSE,OGC,2022-11-21,7.2,0.17,0.0242,7.03,7.04,7.51,7.03,926200,6666000000,225000,1581750000
HOSE,GMH,2022-11-21,13.0,0.3,0.0236,12.7,13.25,13.25,11.85,900,11000000,0,0
HOSE,SHP,2022-11-21,26.2,0.6,0.023399999999999997,25.6,26.25,26.25,25.0,800,20000000,0,0
HOSE,TDM,2022-11-21,30.6,0.7,0.023399999999999997,29.9,29.35,31.4,29.35,99100,2983000000,240000,7278000000
HOSE,KMR,2022-11-21,2.63,0.06,0.0233,2.57,2.65,2.69,2.57,108600,285000000,0,0
HOSE,D2D,2022-11-21,20.2,0.45,0.022799999999999997,19.75,19.75,20.85,19.75,14100,284000000,0,0
HOSE,BMI,2022-11-21,18.8,0.4,0.0217,18.4,18.2,19.5,18.2,231600,4367000000,0,0
HOSE,IDI,2022-11-21,8.61,0.18,0.021400000000000002,8.43,8.65,8.9,8.51,2528000,21922000000,0,0
HOSE,HNG,2022-11-21,4.32,0.09,0.0213,4.23,4.29,4.44,4.25,4448000,19266000000,0,0
HOSE,PGC,2022-11-21,16.9,0.35,0.021099999999999997,16.55,16.6,17.1,16.6,25500,429000000,0,0
HOSE,APC,2022-11-21,14.75,0.3,0.0208,14.45,15.0,15.0,14.05,1200,17000000,0,0
HOSE,HCD,2022-11-21,5.5,0.11,0.0204,5.39,5.61,5.7,5.4,235900,1298000000,0,0
HOSE,TPC,2022-11-21,6.05,0.12,0.0202,5.93,5.93,6.05,5.93,1900,11000000,0,0
HOSE,DAG,2022-11-21,3.55,0.07,0.020099999999999996,3.48,3.51,3.58,3.5,122900,435000000,0,0
HOSE,PNJ,2022-11-21,102.1,2.0,0.02,100.1,100.1,103.0,100.1,163800,16713000000,20000,2142000000
HOSE,POW,2022-11-21,10.3,0.2,0.019799999999999998,10.1,10.1,10.5,10.1,7636900,78628000000,0,0
HOSE,PAC,2022-11-21,30.9,0.6,0.019799999999999998,30.3,31.0,32.4,30.9,6600,207000000,0,0
HOSE,HSL,2022-11-21,3.64,0.07,0.0196,3.57,3.6,3.7,3.5,8200,29000000,0,0
HOSE,EVE,2022-11-21,13.4,0.25,0.019,13.15,13.15,13.55,12.85,24000,318000000,0,0
HOSE,PVT,2022-11-21,16.1,0.3,0.019,15.8,15.9,16.45,15.65,1520900,24593000000,0,0
HOSE,SAB,2022-11-21,182.6,3.4,0.019,179.2,182.0,184.0,180.0,73300,13349000000,42000,7392000000
HOSE,VND,2022-11-21,11.3,0.2,0.018000000000000002,11.1,11.1,11.5,10.95,17453900,196168000000,0,0
HOSE,LSS,2022-11-21,5.7,0.1,0.0179,5.6,5.7,5.83,5.41,245100,1404000000,0,0
HOSE,HT1,2022-11-21,8.64,0.15,0.0177,8.49,8.42,8.78,8.42,256200,2213000000,0,0
HOSE,ASP,2022-11-21,5.8,0.1,0.0175,5.7,5.7,6.0,5.7,55300,324000000,0,0
HOSE,C32,2022-11-21,17.5,0.3,0.0174,17.2,17.2,17.6,17.15,9000,156000000,0,0
HOSE,POM,2022-11-21,4.24,0.07,0.0168,4.17,4.38,4.38,4.0,100400,421000000,0,0
HOSE,DRC,2022-11-21,19.0,0.3,0.016,18.7,18.8,19.35,18.7,181700,3473000000,0,0
HOSE,TIX,2022-11-21,32.0,0.5,0.0159,31.5,32.0,32.0,32.0,600,19000000,0,0
HOSE,GTA,2022-11-21,13.0,0.2,0.015600000000000001,12.8,12.8,13.45,12.8,94200,1205000000,0,0
HOSE,VNL,2022-11-21,19.7,0.3,0.0155,19.4,19.7,19.7,19.7,1700,33000000,0,0
HOSE,NTL,2022-11-21,16.8,0.25,0.0151,16.55,16.6,17.3,16.45,213300,3544000000,0,0
HOSE,BMC,2022-11-21,10.85,0.15,0.013999999999999999,10.7,10.9,11.2,10.75,24300,266000000,0,0
HOSE,CRC,2022-11-21,5.2,0.07,0.013600000000000001,5.13,5.01,5.43,5.01,23200,118000000,0,0
HOSE,KDH,2022-11-21,22.4,0.3,0.013600000000000001,22.1,22.5,22.6,21.95,2963200,66054000000,20000000,444000000000
HOSE,SBT,2022-11-21,10.75,0.14,0.0134,10.61,10.7,11.1,10.7,1333100,14479000000,0,0
HOSE,TCL,2022-11-21,27.65,0.35,0.0128,27.3,27.3,27.8,27.3,24400,671000000,0,0
HOSE,VNS,2022-11-21,16.0,0.2,0.0127,15.8,16.4,16.4,14.8,500,7000000,0,0
HOSE,FTS,2022-11-21,16.35,0.2,0.0124,16.15,16.5,17.15,16.3,1567100,25982000000,0,0
HOSE,VNM,2022-11-21,77.9,0.9,0.011699999999999999,77.0,77.0,77.9,76.9,1787400,137962000000,0,0
HOSE,GEX,2022-11-21,13.3,0.15,0.011399999999999999,13.15,13.3,13.55,13.05,9648800,128096000000,0,0
HOSE,SKG,2022-11-21,13.45,0.15,0.0113,13.3,13.4,13.45,12.95,146900,1949000000,0,0
HOSE,VMD,2022-11-21,18.3,0.2,0.011000000000000001,18.1,18.4,18.45,18.3,300,5000000,0,0
HOSE,ASM,2022-11-21,7.4,0.08,0.0109,7.32,7.36,7.7,7.35,3849000,28778000000,0,0
HOSE,BWE,2022-11-21,38.4,0.4,0.0105,38.0,38.0,39.85,38.0,77500,2988000000,0,0
HOSE,TNT,2022-11-21,3.11,0.03,0.0097,3.08,3.09,3.28,3.0,367800,1128000000,0,0
HOSE,DXG,2022-11-21,10.5,0.1,0.0096,10.4,10.9,10.95,10.25,16007600,169265000000,600000,5880000000
HOSE,CNG,2022-11-21,21.7,0.2,0.009300000000000001,21.5,21.5,22.4,21.05,78700,1705000000,0,0
HOSE,PHC,2022-11-21,5.5,0.05,0.0092,5.45,5.8,5.8,5.22,56400,303000000,0,0
HOSE,CTI,2022-11-21,11.2,0.1,0.009000000000000001,11.1,11.15,11.2,10.8,233500,2584000000,0,0
HOSE,GEG,2022-11-21,11.2,0.1,0.009000000000000001,11.1,11.15,11.45,11.1,478100,5388000000,0,0
HOSE,TVT,2022-11-21,24.0,0.2,0.0084,23.8,22.3,24.3,22.3,7200,172000000,0,0
HOSE,SBV,2022-11-21,12.1,0.1,0.0083,12.0,11.55,12.1,11.4,23200,275000000,0,0
HOSE,PLX,2022-11-21,25.3,0.2,0.008,25.1,24.65,25.75,24.65,781900,19827000000,0,0
HOSE,HDC,2022-11-21,33.25,0.25,0.0076,33.0,34.2,34.2,33.0,1366600,45906000000,173600,5329520000
HOSE,HDG,2022-11-21,27.2,0.2,0.0074,27.0,27.1,28.4,26.95,1636400,44850000000,0,0
HOSE,REE,2022-11-21,69.5,0.5,0.0072,69.0,68.9,70.2,68.8,366900,25506000000,0,0
HOSE,KHP,2022-11-21,7.05,0.05,0.0070999999999999995,7.0,7.0,7.2,7.0,85000,605000000,0,0
HOSE,ADG,2022-11-21,29.5,0.2,0.0068000000000000005,29.3,27.4,29.5,27.25,2000,54000000,0,0
HOSE,VGC,2022-11-21,30.3,0.2,0.0066,30.1,31.0,31.4,30.2,652300,20048000000,0,0
HOSE,BFC,2022-11-21,15.5,0.1,0.006500000000000001,15.4,15.4,15.8,15.4,60300,938000000,0,0
HOSE,PET,2022-11-21,15.7,0.1,0.0064,15.6,15.95,16.45,15.5,720200,11472000000,0,0
HOSE,VPS,2022-11-21,9.45,0.06,0.0064,9.39,9.48,9.48,9.4,800,7000000,0,0
HOSE,DTL,2022-11-21,24.5,0.15,0.0062,24.35,24.5,24.5,24.5,300,7000000,0,0
HOSE,AGR,2022-11-21,6.83,0.04,0.0059,6.79,7.2,7.2,6.8,358500,2475000000,0,0
HOSE,VIB,2022-11-21,18.5,0.1,0.0054,18.4,18.5,18.9,18.35,2445900,45310000000,0,0
HOSE,SHA,2022-11-21,3.72,0.02,0.0054,3.7,3.8,3.8,3.7,10200,37000000,0,0
HOSE,HVN,2022-11-21,9.35,0.05,0.0054,9.3,9.31,9.5,9.31,658300,6206000000,50000,465000000
HOSE,KDC,2022-11-21,59.0,0.3,0.0051,58.7,58.8,59.0,56.9,918400,52992000000,0,0
HOSE,GDT,2022-11-21,31.45,0.15,0.0048,31.3,29.8,31.8,29.8,10400,315000000,0,0
HOSE,AAM,2022-11-21,10.5,0.05,0.0048,10.45,10.6,11.05,9.97,6800,73000000,0,0
HOSE,AGM,2022-11-21,10.6,0.05,0.004699999999999999,10.55,10.9,10.9,9.82,44200,455000000,0,0
HOSE,IJC,2022-11-21,10.95,0.05,0.0046,10.9,11.2,11.2,10.8,2675400,29380000000,0,0
HOSE,CLL,2022-11-21,24.5,0.1,0.0040999999999999995,24.4,24.75,25.9,24.5,12200,305000000,0,0
HOSE,CKG,2022-11-21,24.5,0.1,0.0040999999999999995,24.4,24.4,25.0,24.35,300400,7446000000,0,0
HOSE,TTB,2022-11-21,2.6,0.01,0.0039000000000000003,2.59,2.59,2.77,2.58,251200,664000000,0,0
HOSE,BMP,2022-11-21,53.9,0.2,0.0037,53.7,54.5,54.5,53.6,44800,2426000000,0,0
HOSE,SVD,2022-11-21,2.79,0.01,0.0036,2.78,2.73,2.79,2.73,4000,11000000,0,0
HOSE,CSV,2022-11-21,27.9,0.1,0.0036,27.8,28.5,28.8,27.5,522000,14721000000,0,0
HOSE,CTD,2022-11-21,28.5,0.1,0.0034999999999999996,28.4,29.4,29.5,28.0,452200,13054000000,0,0
HOSE,ABS,2022-11-21,5.74,0.02,0.0034999999999999996,5.72,5.72,6.0,5.65,2371000,13718000000,0,0
HOSE,BTP,2022-11-21,14.35,0.05,0.0034999999999999996,14.3,13.4,14.35,13.4,7700,105000000,0,0
HOSE,TCT,2022-11-21,30.5,0.1,0.0033,30.4,31.75,31.75,28.8,2300,68000000,0,0
HOSE,DRL,2022-11-21,68.0,0.2,0.0029,67.8,67.0,68.0,67.0,200,13000000,0,0
HOSE,DBD,2022-11-21,36.5,0.1,0.0027,36.4,35.5,36.5,35.5,6300,225000000,0,0
HOSE,BKG,2022-11-21,3.69,0.01,0.0027,3.68,3.79,3.85,3.5,67900,254000000,0,0
HOSE,TV2,2022-11-21,19.6,0.05,0.0026,19.55,19.55,20.0,19.15,67100,1321000000,0,0
HOSE,SMC,2022-11-21,8.44,0.02,0.0024,8.42,8.55,8.57,8.31,230100,1942000000,0,0
HOSE,HII,2022-11-21,4.3,0.01,0.0023,4.29,4.39,4.39,4.29,139900,605000000,0,0
HOSE,CHP,2022-11-21,22.4,0.05,0.0022,22.35,22.35,22.4,21.6,36400,797000000,0,0
HOSE,KHG,2022-11-21,4.56,0.01,0.0022,4.55,4.6,4.73,4.24,6461700,28511000000,0,0
HOSE,FIR,2022-11-21,48.0,0.1,0.0021,47.9,47.4,48.3,46.8,291500,13868000000,0,0
HOSE,TEG,2022-11-21,6.86,0.01,0.0015,6.85,6.9,6.99,6.75,122000,843000000,0,0
HOSE,THG,2022-11-21,34.6,0.05,0.0014000000000000002,34.55,34.1,34.7,34.1,8600,295000000,0,0
HOSE,NSC,2022-11-21,69.5,0.1,0.0014000000000000002,69.4,69.5,72.0,69.5,5200,361000000,0,0
HOSE,GSP,2022-11-21,7.85,0.01,0.0013,7.84,8.1,8.1,7.84,17900,143000000,0,0
HOSE,DPR,2022-11-21,44.55,0.05,0.0011,44.5,44.95,46.0,44.4,70500,3163000000,0,0
HOSE,SVC,2022-11-21,112.2,0.0,0.0,112.2,112.2,112.2,112.2,0,0,0,0
HOSE,SJD,2022-11-21,14.5,0.0,0.0,14.5,14.5,14.9,14.5,31200,458000000,0,0
HOSE,CDC,2022-11-21,17.8,0.0,0.0,17.8,17.75,17.95,17.65,118200,2102000000,384800,6772480000
HOSE,SZL,2022-11-21,46.3,0.0,0.0,46.3,44.2,46.3,44.0,400,17000000,0,0
HOSE,SFC,2022-11-21,17.7,0.0,0.0,17.7,17.7,17.7,17.7,0,0,0,0
HOSE,CAV,2022-11-21,47.0,0.0,0.0,47.0,47.0,47.0,47.0,0,0,0,0
HOSE,STK,2022-11-21,26.1,0.0,0.0,26.1,26.1,27.8,26.1,5500,144000000,50000,1375000000
HOSE,RDP,2022-11-21,6.17,0.0,0.0,6.17,6.2,6.2,5.74,31900,183000000,0,0
HOSE,ACG,2022-11-21,36.0,0.0,0.0,36.0,36.1,36.1,35.0,4400,155000000,0,0
HOSE,SRC,2022-11-21,15.5,0.0,0.0,15.5,15.5,15.6,15.5,2200,34000000,0,0
HOSE,S4A,2022-11-21,36.1,0.0,0.0,36.1,36.1,36.1,36.1,0,0,0,0
HOSE,SVI,2022-11-21,71.9,0.0,0.0,71.9,71.9,71.9,71.9,0,0,0,0
HOSE,SGN,2022-11-21,52.7,0.0,0.0,52.7,52.7,53.0,52.2,2400,126000000,0,0
HOSE,PPC,2022-11-21,12.4,0.0,0.0,12.4,12.85,12.85,12.25,59000,737000000,0,0
HOSE,SAV,2022-11-21,13.7,0.0,0.0,13.7,14.5,14.5,12.9,300,4000000,0,0
HOSE,PGD,2022-11-21,27.1,0.0,0.0,27.1,27.1,27.1,27.1,100,2000000,0,0
HOSE,HCM,2022-11-21,18.5,0.0,0.0,18.5,18.7,19.05,18.3,5103300,94805000000,0,0
HOSE,TNH,2022-11-21,30.6,0.0,0.0,30.6,30.6,30.7,30.15,205700,6267000000,0,0
HOSE,HAX,2022-11-21,14.2,0.0,0.0,14.2,14.5,14.6,13.95,406400,5793000000,0,0
HOSE,DHM,2022-11-21,10.0,0.0,0.0,10.0,10.5,10.5,9.75,239400,2395000000,970000,9457500000
HOSE,TPB,2022-11-21,20.6,0.0,0.0,20.6,20.7,20.7,20.0,3199900,65215000000,2560000,52736000000
HOSE,TNC,2022-11-21,67.3,0.0,0.0,67.3,67.3,67.3,67.3,0,0,0,0
HOSE,BAF,2022-11-21,16.6,0.0,0.0,16.6,16.15,16.6,16.15,1106600,18235000000,0,0
HOSE,HTI,2022-11-21,16.0,0.0,0.0,16.0,16.0,16.0,16.0,0,0,0,0
HOSE,HRC,2022-11-21,57.0,0.0,0.0,57.0,57.0,57.0,57.0,0,0,0,0
HOSE,TN1,2022-11-21,18.9,0.0,0.0,18.9,18.9,18.9,18.9,4000,75000000,0,0
HOSE,DBT,2022-11-21,10.5,0.0,0.0,10.5,10.5,10.5,10.1,7600,77000000,0,0
HOSE,DMC,2022-11-21,42.9,0.0,0.0,42.9,42.9,42.9,42.9,900,38000000,0,0
HOSE,EVF,2022-11-21,6.5,0.0,0.0,6.5,6.22,6.65,6.22,159700,1041000000,0,0
HOSE,EMC,2022-11-21,10.9,0.0,0.0,10.9,10.9,10.9,10.9,0,0,0,0
HOSE,VDP,2022-11-21,38.7,0.0,0.0,38.7,38.7,38.7,38.7,0,0,0,0
HOSE,VCF,2022-11-21,216.1,0.0,0.0,216.1,216.1,216.1,216.1,0,0,0,0
HOSE,TTE,2022-11-21,11.3,0.0,0.0,11.3,11.3,11.3,11.3,0,0,0,0
HOSE,GAB,2022-11-21,196.4,0.0,0.0,196.4,196.4,196.4,196.4,0,0,0,0
HOSE,ABR,2022-11-21,9.72,0.0,0.0,9.72,9.72,9.72,9.72,0,0,0,0
HOSE,TVS,2022-11-21,23.4,0.0,0.0,23.4,23.95,23.95,22.5,5000,114000000,0,0
HOSE,HTV,2022-11-21,9.92,0.0,0.0,9.92,9.92,9.92,9.92,0,0,0,0
HOSE,TDP,2022-11-21,28.1,0.0,0.0,28.1,28.1,28.1,28.1,36100,1014000000,0,0
HOSE,ABT,2022-11-21,33.0,0.0,0.0,33.0,33.0,33.0,33.0,0,0,0,0
HOSE,TDW,2022-11-21,43.25,0.0,0.0,43.25,43.25,43.25,43.25,0,0,0,0
HOSE,VPB,2022-11-21,15.5,0.0,0.0,15.5,15.7,15.7,15.1,11391400,175846000000,2020000,31854000000
HOSE,MCP,2022-11-21,12.65,0.0,0.0,12.65,12.65,12.65,12.65,100,1000000,0,0
HOSE,VPD,2022-11-21,21.8,0.0,0.0,21.8,21.8,21.9,21.5,19500,423000000,0,0
HOSE,OCB,2022-11-21,14.35,0.0,0.0,14.35,14.5,14.5,14.1,969000,13879000000,350000,4905000000
HOSE,PDN,2022-11-21,129.1,0.0,0.0,129.1,129.1,129.1,129.1,0,0,0,0
HOSE,TCM,2022-11-21,44.9,0.0,0.0,44.9,44.9,44.95,44.3,408900,18317000000,0,0
HOSE,CRE,2022-11-21,10.5,0.0,0.0,10.5,10.5,10.5,10.25,121500,1265000000,0,0
HOSE,NNC,2022-11-21,16.1,0.0,0.0,16.1,15.6,16.2,15.55,17500,279000000,0,0
HOSE,MBB,2022-11-21,15.7,0.0,0.0,15.7,15.9,16.1,15.6,10728100,169784000000,3375400,56432950000
HOSE,ITD,2022-11-21,12.2,0.0,0.0,12.2,12.2,12.2,11.9,80800,973000000,0,0
HOSE,KOS,2022-11-21,36.0,0.0,0.0,36.0,36.0,36.3,35.9,400900,14428000000,0,0
HOSE,TLG,2022-11-21,43.1,0.0,0.0,43.1,42.6,44.0,42.6,109000,4721000000,0,0
HOSE,HU1,2022-11-21,6.67,0.0,0.0,6.67,6.67,6.67,6.67,0,0,0,0
HOSE,HU3,2022-11-21,5.13,0.0,0.0,5.13,5.13,5.13,5.13,0,0,0,0
HOSE,DVP,2022-11-21,42.5,0.0,0.0,42.5,42.0,42.65,42.0,5000,212000000,0,0
HOSE,CVT,2022-11-21,45.85,0.0,0.0,45.85,45.85,45.85,45.85,0,0,0,0
HOSE,ASG,2022-11-21,25.2,0.0,0.0,25.2,25.2,25.2,25.2,0,0,0,0
HOSE,LGC,2022-11-21,49.55,0.0,0.0,49.55,49.55,49.55,49.55,0,0,0,0
HOSE,L10,2022-11-21,25.0,0.0,0.0,25.0,25.0,25.0,25.0,0,0,0,0
HOSE,LAF,2022-11-21,15.75,0.0,0.0,15.75,15.75,15.75,15.75,0,0,0,0
HOSE,VCA,2022-11-21,9.96,-0.01,-0.001,9.97,9.28,9.96,9.28,200,1000000,0,0
HOSE,MSN,2022-11-21,95.1,-0.1,-0.0011,95.2,95.2,95.2,93.4,633400,59872000000,0,0
HOSE,HMC,2022-11-21,9.0,-0.01,-0.0011,9.01,9.01,9.1,8.8,19200,171000000,0,0
HOSE,SJS,2022-11-21,40.8,-0.05,-0.0012,40.85,41.9,43.0,39.0,113900,4634000000,160000,6080000000
HOSE,CMG,2022-11-21,35.7,-0.05,-0.0014000000000000002,35.75,35.75,35.8,34.7,8800,312000000,0,0
HOSE,YBM,2022-11-21,5.56,-0.01,-0.0018,5.57,5.56,5.56,5.5,900,4000000,0,0
HOSE,DSN,2022-11-21,47.35,-0.1,-0.0021,47.45,46.45,47.5,46.45,10900,510000000,0,0
HOSE,SMB,2022-11-21,40.7,-0.15,-0.0037,40.85,41.0,41.0,40.2,22700,922000000,0,0
HOSE,FDC,2022-11-21,19.75,-0.1,-0.005,19.85,19.75,19.75,19.75,1000,19000000,5000000,99500000000
HOSE,TDG,2022-11-21,3.87,-0.02,-0.0051,3.89,3.92,4.0,3.8,96300,377000000,0,0
HOSE,PHR,2022-11-21,36.8,-0.2,-0.0054,37.0,37.3,38.2,36.8,621600,23287000000,0,0
HOSE,HHP,2022-11-21,9.05,-0.05,-0.0055000000000000005,9.1,8.8,9.1,8.8,367400,3267000000,0,0
HOSE,SC5,2022-11-21,17.4,-0.1,-0.005699999999999999,17.5,17.4,17.4,17.4,1400,24000000,0,0
HOSE,PGV,2022-11-21,17.15,-0.1,-0.0058,17.25,17.45,17.45,17.15,1600,27000000,0,0
HOSE,DCL,2022-11-21,23.75,-0.15,-0.0063,23.9,23.5,23.9,23.5,45000,1064000000,134600,3439030000
HOSE,CSM,2022-11-21,15.4,-0.1,-0.006500000000000001,15.5,15.4,15.5,15.4,7100,109000000,0,0
HOSE,BCM,2022-11-21,76.5,-0.5,-0.006500000000000001,77.0,77.2,77.2,75.6,24100,1841000000,0,0
HOSE,SSB,2022-11-21,29.8,-0.2,-0.0067,30.0,30.0,30.15,29.65,879500,26331000000,0,0
HOSE,SPM,2022-11-21,13.85,-0.1,-0.0072,13.95,13.85,13.85,13.85,100,1000000,0,0
HOSE,IMP,2022-11-21,52.6,-0.4,-0.0075,53.0,53.0,54.5,52.5,14000,743000000,0,0
HOSE,BBC,2022-11-21,51.5,-0.4,-0.0077,51.9,51.9,51.9,51.5,400,20000000,0,0
HOSE,TRC,2022-11-21,25.3,-0.2,-0.0078000000000000005,25.5,25.45,25.45,24.5,3800,95000000,0,0
HOSE,MSB,2022-11-21,11.85,-0.1,-0.0084,11.95,11.95,12.0,11.8,736700,8757000000,4259000,50895050000
HOSE,AGG,2022-11-21,33.5,-0.3,-0.0089,33.8,33.8,34.0,33.1,36700,1231000000,620000,19840000000
HOSE,SSI,2022-11-21,16.1,-0.15,-0.0092,16.25,16.45,16.5,15.95,12527900,202767000000,275000,4482500000
HOSE,VNE,2022-11-21,9.15,-0.09,-0.0097,9.24,9.24,9.34,9.1,138400,1274000000,0,0
HOSE,HPG,2022-11-21,14.95,-0.15,-0.009899999999999999,15.1,15.2,15.25,14.75,31604900,473329000000,0,0
HOSE,AAT,2022-11-21,4.9,-0.05,-0.0101,4.95,5.0,5.0,4.76,1045000,5063000000,0,0
HOSE,NCT,2022-11-21,84.7,-0.9,-0.0105,85.6,85.4,85.4,83.3,6400,542000000,0,0
HOSE,ADS,2022-11-21,9.39,-0.11,-0.0116,9.5,9.2,9.49,9.2,486500,4525000000,0,0
HOSE,HTN,2022-11-21,16.8,-0.2,-0.0118,17.0,16.55,16.9,16.4,94900,1582000000,0,0
HOSE,GMD,2022-11-21,41.8,-0.5,-0.0118,42.3,43.9,43.9,41.8,377800,16247000000,110000,4785000000
HOSE,PTB,2022-11-21,36.9,-0.45,-0.012,37.35,37.7,37.75,36.2,400300,14802000000,0,0
HOSE,BVH,2022-11-21,47.7,-0.6,-0.0124,48.3,48.45,49.0,47.6,510100,24572000000,0,0
HOSE,BID,2022-11-21,35.5,-0.45,-0.0125,35.95,36.5,36.5,35.5,1285300,46112000000,0,0
HOSE,ORS,2022-11-21,8.29,-0.11,-0.0131,8.4,8.49,8.49,8.19,546100,4529000000,1360000,11424000000
HOSE,HDB,2022-11-21,14.8,-0.2,-0.013300000000000001,15.0,15.3,15.3,14.65,1269200,19054000000,4759500,71392500000
HOSE,DHG,2022-11-21,82.0,-1.2,-0.0144,83.2,83.2,83.2,81.9,4500,369000000,0,0
HOSE,CTS,2022-11-21,8.88,-0.13,-0.0144,9.01,9.1,9.35,8.8,715400,6484000000,0,0
HOSE,DAT,2022-11-21,10.15,-0.15,-0.0146,10.3,9.59,10.15,9.59,200,1000000,0,0
HOSE,VJC,2022-11-21,100.6,-1.6,-0.015700000000000002,102.2,102.2,102.2,98.1,109600,10962000000,0,0
HOSE,MSH,2022-11-21,36.8,-0.6,-0.016,37.4,37.3,37.6,36.8,91300,3382000000,0,0
HOSE,VTB,2022-11-21,11.8,-0.2,-0.0167,12.0,11.8,11.8,11.7,500,5000000,0,0
HOSE,SCS,2022-11-21,70.2,-1.2,-0.0168,71.4,72.0,72.0,69.0,5700,400000000,0,0
HOSE,VFG,2022-11-21,37.75,-0.65,-0.0169,38.4,36.0,37.75,35.75,5900,215000000,0,0
HOSE,VDS,2022-11-21,7.17,-0.13,-0.0178,7.3,7.32,7.32,7.0,375900,2674000000,0,0
HOSE,SVT,2022-11-21,11.0,-0.2,-0.0179,11.2,11.15,11.15,11.0,200,2000000,0,0
HOSE,SFG,2022-11-21,8.0,-0.15,-0.0184,8.15,8.49,8.49,7.7,11700,90000000,0,0
HOSE,CTF,2022-11-21,26.0,-0.5,-0.0189,26.5,26.5,26.5,26.0,364700,9567000000,0,0
HOSE,TTA,2022-11-21,8.8,-0.17,-0.019,8.97,8.5,9.14,8.5,182200,1603000000,0,0
HOSE,VHC,2022-11-21,66.6,-1.3,-0.0191,67.9,68.5,68.5,66.2,317700,21245000000,0,0
HOSE,FPT,2022-11-21,70.1,-1.4,-0.0196,71.5,69.5,71.8,69.5,840500,59139000000,0,0
HOSE,VCB,2022-11-21,75.0,-1.5,-0.0196,76.5,76.5,76.5,75.0,1106900,83615000000,118000,9168500000
HOSE,TCB,2022-11-21,22.25,-0.45,-0.019799999999999998,22.7,22.65,23.1,22.25,4508400,102009000000,4371000,99221700000
HOSE,ICT,2022-11-21,14.45,-0.3,-0.0203,14.75,14.2,14.6,14.15,3400,48000000,0,0
HOSE,KPF,2022-11-21,9.6,-0.2,-0.0204,9.8,9.16,10.0,9.12,120900,1144000000,99000,902880000
HOSE,VSI,2022-11-21,14.0,-0.3,-0.021,14.3,13.6,14.05,13.6,6500,89000000,0,0
HOSE,VHM,2022-11-21,46.95,-1.05,-0.0219,48.0,48.0,48.0,45.75,2712700,126556000000,210000,9796500000
HOSE,TMT,2022-11-21,8.4,-0.19,-0.022099999999999998,8.59,8.1,8.58,8.1,5400,45000000,0,0
HOSE,STB,2022-11-21,16.7,-0.4,-0.023399999999999997,17.1,17.3,17.4,16.7,17502900,297058000000,0,0
HOSE,CTG,2022-11-21,24.1,-0.6,-0.024300000000000002,24.7,24.7,24.8,24.1,5680300,138350000000,100000,2450000000
HOSE,VIC,2022-11-21,64.0,-1.6,-0.024399999999999998,65.6,66.0,66.7,63.6,1198200,77466000000,0,0
HOSE,LPB,2022-11-21,9.75,-0.25,-0.025,10.0,10.0,10.15,9.72,7818400,77521000000,2533269,25712680350
HOSE,MHC,2022-11-21,3.87,-0.1,-0.0252,3.97,3.86,4.09,3.86,19100,74000000,0,0
HOSE,VCI,2022-11-21,18.9,-0.5,-0.0258,19.4,19.6,19.75,18.6,6192100,118687000000,0,0
HOSE,ACB,2022-11-21,20.6,-0.55,-0.026000000000000002,21.15,21.2,21.2,20.6,2279000,47528000000,331700,6882775000
HOSE,GAS,2022-11-21,111.3,-3.0,-0.0262,114.3,114.3,114.5,110.5,172200,19264000000,0,0
HOSE,DPM,2022-11-21,36.0,-1.0,-0.027000000000000003,37.0,37.1,37.55,35.5,1670700,60992000000,0,0
HOSE,LEC,2022-11-21,6.8,-0.19,-0.027200000000000002,6.99,6.99,6.99,6.55,3700,24000000,0,0
HOSE,DCM,2022-11-21,25.45,-0.75,-0.0286,26.2,26.2,26.65,24.6,4270200,108349000000,150000,4200000000
HOSE,VPI,2022-11-21,55.2,-1.7,-0.029900000000000003,56.9,56.6,56.6,55.1,361700,20057000000,324000,18262000000
HOSE,BHN,2022-11-21,44.0,-1.5,-0.033,45.5,45.8,45.95,43.65,2700,119000000,0,0
HOSE,SRF,2022-11-21,9.37,-0.34,-0.035,9.71,10.3,10.35,9.3,12100,124000000,0,0
HOSE,MWG,2022-11-21,40.65,-1.5,-0.0356,42.15,41.95,41.95,40.65,1762800,72543000000,100000,4510000000
HOSE,MIG,2022-11-21,13.95,-0.55,-0.0379,14.5,14.5,15.0,13.85,919900,13125000000,0,0
HOSE,FRT,2022-11-21,62.7,-2.5,-0.0383,65.2,65.6,65.6,62.7,1179800,75373000000,0,0
HOSE,BRC,2022-11-21,10.55,-0.45,-0.0409,11.0,10.55,10.55,10.55,100,1000000,0,0
HOSE,VSC,2022-11-21,31.5,-1.4,-0.0426,32.9,32.9,32.9,31.5,176400,5625000000,620000,19840000000
HOSE,PGI,2022-11-21,24.8,-1.15,-0.0443,25.95,25.95,25.95,24.8,9600,248000000,0,0
HOSE,VRE,2022-11-21,26.3,-1.3,-0.0471,27.6,27.5,27.5,26.1,1750000,46593000000,170000,4525400000
HOSE,PNC,2022-11-21,8.2,-0.41,-0.047599999999999996,8.61,8.01,9.21,8.01,31400,287000000,0,0
HOSE,PIT,2022-11-21,4.07,-0.24,-0.0557,4.31,4.31,4.31,4.02,12600,51000000,0,0
HOSE,BTT,2022-11-21,35.05,-2.15,-0.057800000000000004,37.2,35.05,35.05,35.05,100,3000000,0,0
HOSE,CCI,2022-11-21,21.65,-1.35,-0.0587,23.0,23.0,23.0,21.65,200,4000000,0,0
HOSE,HAS,2022-11-21,8.5,-0.59,-0.0649,9.09,8.5,8.5,8.5,5000,42000000,0,0
HOSE,UIC,2022-11-21,32.7,-2.3,-0.06570000000000001,35.0,35.0,35.0,32.7,600,20000000,0,0
HOSE,LIX,2022-11-21,39.2,-2.8,-0.0667,42.0,40.2,41.85,39.1,28200,1115000000,0,0
HOSE,STG,2022-11-21,38.1,-2.75,-0.0673,40.85,40.5,40.5,38.1,2400,96000000,0,0
HOSE,DTA,2022-11-21,5.39,-0.39,-0.0675,5.78,5.8,5.85,5.39,51100,275000000,0,0
HOSE,MDG,2022-11-21,13.8,-1.0,-0.0676,14.8,15.0,15.0,13.8,2100,29000000,0,0
HOSE,HPX,2022-11-21,13.0,-0.95,-0.0681,13.95,13.0,13.0,13.0,2600,33000000,563202,7847049200
HOSE,PDR,2022-11-21,17.1,-1.25,-0.0681,18.35,17.1,17.1,17.1,172600,2951000000,81200,1388520000
HOSE,VPG,2022-11-21,14.35,-1.05,-0.0682,15.4,15.2,15.35,14.35,909800,13362000000,0,0
HOSE,ST8,2022-11-21,8.05,-0.59,-0.0683,8.64,8.63,8.63,8.05,36500,296000000,0,0
HOSE,NVL,2022-11-21,27.25,-2.0,-0.0684,29.25,27.25,27.25,27.25,630900,17192000000,199500,5436375000
HOSE,HOT,2022-11-21,27.2,-2.0,-0.06849999999999999,29.2,27.2,27.2,27.2,200,5000000,0,0
HOSE,LBM,2022-11-21,40.8,-3.0,-0.06849999999999999,43.8,40.75,43.4,40.75,4300,175000000,0,0
HOSE,CLW,2022-11-21,32.6,-2.4,-0.06860000000000001,35.0,32.6,32.6,32.6,200,6000000,0,0
HOSE,ACC,2022-11-21,10.8,-0.8,-0.069,11.6,10.9,11.4,10.8,184700,1999000000,0,0
HOSE,TNA,2022-11-21,5.8,-0.43,-0.069,6.23,5.91,6.34,5.8,455300,2707000000,0,0
HOSE,SSC,2022-11-21,31.0,-2.3,-0.0691,33.3,31.0,31.0,31.0,100,3000000,0,0
HOSE,DGC,2022-11-21,51.1,-3.8,-0.0692,54.9,55.0,55.3,51.1,7210300,376598000000,50000,2675000000
HOSE,EIB,2022-11-21,18.05,-1.35,-0.0696,19.4,19.85,20.2,18.05,12599100,234447000000,2713000,49130650000
HOSE,DGW,2022-11-21,40.0,-3.0,-0.0698,43.0,43.0,43.95,40.0,1297600,53562000000,0,0
HOSE,TCO,2022-11-21,8.92,-0.67,-0.0699,9.59,9.5,9.5,8.92,220000,1984000000,0,0
HOSE,TCH,2022-11-22,7.96,0.52,0.0699,7.44,7.96,7.96,7.8,15182100,120665000000,0,0
HOSE,VRC,2022-11-22,7.2,0.47,0.0698,6.73,6.73,7.2,6.73,19000,136000000,0,0
HOSE,PJT,2022-11-22,8.58,0.56,0.0698,8.02,8.2,8.58,8.2,1000,8000000,0,0
HOSE,NVT,2022-11-22,7.05,0.46,0.0698,6.59,7.05,7.05,7.05,10700,75000000,0,0
HOSE,PSH,2022-11-22,5.08,0.33,0.0695,4.75,4.75,5.08,4.75,341100,1730000000,0,0
HOSE,TTF,2022-11-22,4.32,0.28,0.0693,4.04,4.32,4.32,4.32,1513200,6537000000,0,0
HOSE,EIB,2022-11-22,19.3,1.25,0.0693,18.05,17.3,19.3,17.0,13864700,250900000000,7822700,139697360000
HOSE,DLG,2022-11-22,2.01,0.13,0.0691,1.88,2.01,2.01,1.93,2831000,5670000000,0,0
HOSE,YEG,2022-11-22,9.15,0.59,0.0689,8.56,8.56,9.15,8.5,202000,1827000000,0,0
HOSE,DXS,2022-11-22,5.74,0.37,0.0689,5.37,5.74,5.74,5.35,2771200,15687000000,0,0
HOSE,VCI,2022-11-22,20.2,1.3,0.0688,18.9,18.55,20.2,18.55,12588100,251815000000,36100,729220000
HOSE,DTA,2022-11-22,5.76,0.37,0.06860000000000001,5.39,5.6,5.76,5.46,9100,51000000,0,0
HOSE,QBS,2022-11-22,1.87,0.12,0.06860000000000001,1.75,1.8,1.87,1.8,833700,1553000000,0,0
HOSE,MCG,2022-11-22,1.87,0.12,0.06860000000000001,1.75,1.87,1.87,1.87,31100,58000000,0,0
HOSE,PTC,2022-11-22,4.99,0.32,0.06849999999999999,4.67,4.51,4.99,4.51,160900,797000000,0,0
HOSE,HQC,2022-11-22,2.19,0.14,0.0683,2.05,2.18,2.19,2.1,12625100,27497000000,0,0
HOSE,JVC,2022-11-22,3.13,0.2,0.0683,2.93,3.09,3.13,2.94,1307400,4075000000,0,0
HOSE,VAF,2022-11-22,9.9,0.63,0.068,9.27,8.66,9.91,8.66,300,2000000,0,0
HOSE,SJF,2022-11-22,3.3,0.21,0.068,3.09,3.3,3.3,3.25,1088600,3586000000,0,0
HOSE,VSI,2022-11-22,14.95,0.95,0.0679,14.0,14.95,14.95,13.6,300,4000000,0,0
HOSE,TSC,2022-11-22,3.47,0.22,0.0677,3.25,3.32,3.47,3.25,1743600,5989000000,0,0
HOSE,TDP,2022-11-22,30.0,1.9,0.0676,28.1,28.0,30.0,28.0,63400,1836000000,0,0
HOSE,SCD,2022-11-22,15.0,0.95,0.0676,14.05,15.0,15.0,15.0,5100,76000000,0,0
HOSE,TNT,2022-11-22,3.32,0.21,0.0675,3.11,3.12,3.32,3.12,683700,2265000000,0,0
HOSE,LGL,2022-11-22,2.69,0.17,0.0675,2.52,2.64,2.69,2.6,126300,337000000,0,0
HOSE,HHS,2022-11-22,3.65,0.23,0.0673,3.42,3.6,3.65,3.55,4066200,14796000000,0,0
HOSE,DAH,2022-11-22,3.65,0.23,0.0673,3.42,3.65,3.65,3.5,276400,1005000000,0,0
HOSE,APG,2022-11-22,3.5,0.22,0.06709999999999999,3.28,3.5,3.5,3.5,875000,3062000000,0,0
HOSE,HID,2022-11-22,2.73,0.17,0.0664,2.56,2.67,2.73,2.56,424500,1151000000,0,0
HOSE,TCD,2022-11-22,5.31,0.33,0.0663,4.98,5.32,5.32,5.21,1674000,8900000000,35000,162400000
HOSE,NAV,2022-11-22,20.95,1.3,0.0662,19.65,20.95,20.95,20.95,100,2000000,0,0
HOSE,BMC,2022-11-22,11.55,0.7,0.0645,10.85,11.05,11.6,11.0,55500,630000000,0,0
HOSE,PVD,2022-11-22,14.2,0.85,0.0637,13.35,13.45,14.25,13.2,11845100,167815000000,0,0
HOSE,AAT,2022-11-22,5.2,0.3,0.061200000000000004,4.9,4.8,5.24,4.77,2845000,14242000000,0,0
HOSE,VFG,2022-11-22,40.0,2.25,0.0596,37.75,35.35,40.0,35.2,5300,200000000,0,0
HOSE,GSP,2022-11-22,8.3,0.45,0.057300000000000004,7.85,8.1,8.39,8.01,58000,483000000,0,0
HOSE,HAR,2022-11-22,3.45,0.18,0.055,3.27,3.27,3.49,3.27,525400,1813000000,0,0
HOSE,NHA,2022-11-22,10.6,0.55,0.0547,10.05,10.7,10.75,10.1,419100,4473000000,0,0
HOSE,PHC,2022-11-22,5.8,0.3,0.0545,5.5,5.6,5.8,5.5,160400,907000000,0,0
HOSE,ASP,2022-11-22,6.11,0.31,0.053399999999999996,5.8,5.95,6.12,5.81,65000,393000000,0,0
HOSE,KMR,2022-11-22,2.77,0.14,0.053200000000000004,2.63,2.72,2.8,2.63,96800,263000000,0,0
HOSE,TGG,2022-11-22,2.79,0.14,0.0528,2.65,2.58,2.83,2.58,1268200,3569000000,0,0
HOSE,VIP,2022-11-22,7.06,0.35,0.052199999999999996,6.71,6.72,7.12,6.72,298000,2097000000,0,0
HOSE,BKG,2022-11-22,3.88,0.19,0.051500000000000004,3.69,3.7,3.92,3.7,61900,238000000,0,0
HOSE,BAF,2022-11-22,17.45,0.85,0.0512,16.6,16.25,17.75,15.9,2536400,43528000000,0,0
HOSE,EMC,2022-11-22,11.45,0.55,0.050499999999999996,10.9,11.45,11.45,11.45,100,1000000,0,0
HOSE,KHG,2022-11-22,4.79,0.23,0.0504,4.56,4.51,4.87,4.51,4587700,21850000000,0,0
HOSE,SFG,2022-11-22,8.4,0.4,0.05,8.0,8.0,8.48,8.0,13500,109000000,0,0
HOSE,TCT,2022-11-22,32.0,1.5,0.0492,30.5,30.0,32.6,29.0,10300,312000000,0,0
HOSE,EVG,2022-11-22,4.14,0.19,0.0481,3.95,4.2,4.22,3.8,1784400,7179000000,1327845,4886469600
HOSE,BMI,2022-11-22,19.7,0.9,0.0479,18.8,19.1,19.9,19.1,417300,8140000000,0,0
HOSE,VID,2022-11-22,6.37,0.29,0.04769999999999999,6.08,5.68,6.4,5.68,1900,11000000,0,0
HOSE,VTO,2022-11-22,7.0,0.31,0.0463,6.69,6.69,7.15,6.66,206300,1458000000,0,0
HOSE,PLP,2022-11-22,4.37,0.19,0.0455,4.18,4.1,4.47,4.1,229900,1012000000,0,0
HOSE,VPH,2022-11-22,4.39,0.19,0.0452,4.2,4.12,4.49,4.1,541100,2384000000,0,0
HOSE,VSC,2022-11-22,32.9,1.4,0.0444,31.5,31.6,32.9,31.05,512600,16572000000,0,0
HOSE,PVT,2022-11-22,16.8,0.7,0.0435,16.1,15.95,17.2,15.95,1874800,31641000000,0,0
HOSE,BWE,2022-11-22,40.0,1.6,0.0417,38.4,38.95,40.0,38.4,155000,6080000000,0,0
HOSE,TV2,2022-11-22,20.4,0.8,0.0408,19.6,19.6,20.9,19.55,86200,1743000000,0,0
HOSE,ASM,2022-11-22,7.7,0.3,0.0405,7.4,7.45,7.91,7.36,7191700,56140000000,0,0
HOSE,HT1,2022-11-22,8.98,0.34,0.0394,8.64,8.64,9.11,8.63,612600,5468000000,0,0
HOSE,CTD,2022-11-22,29.6,1.1,0.038599999999999995,28.5,28.5,30.45,28.25,586700,17496000000,0,0
HOSE,AST,2022-11-22,51.8,1.9,0.0381,49.9,50.0,51.8,48.5,11500,575000000,0,0
HOSE,TYA,2022-11-22,12.55,0.45,0.037200000000000004,12.1,12.0,12.8,12.0,13900,169000000,0,0
HOSE,BCG,2022-11-22,5.92,0.21,0.0368,5.71,5.89,6.1,5.8,8512800,51264000000,392000,2128560000
HOSE,DAG,2022-11-22,3.68,0.13,0.0366,3.55,3.55,3.74,3.5,325500,1185000000,0,0
HOSE,ABS,2022-11-22,5.95,0.21,0.0366,5.74,5.75,6.1,5.73,2712400,16150000000,0,0
HOSE,CIG,2022-11-22,3.49,0.12,0.0356,3.37,3.37,3.55,3.37,167600,583000000,0,0
HOSE,PLX,2022-11-22,26.2,0.9,0.0356,25.3,25.3,26.7,25.1,1832900,48198000000,0,0
HOSE,PGC,2022-11-22,17.5,0.6,0.0355,16.9,17.0,17.5,16.95,14100,240000000,0,0
HOSE,HAX,2022-11-22,14.7,0.5,0.0352,14.2,14.25,15.15,13.8,910500,13608000000,0,0
HOSE,ILB,2022-11-22,25.0,0.85,0.0352,24.15,24.9,25.0,24.9,4200,104000000,0,0
HOSE,GMH,2022-11-22,13.45,0.45,0.0346,13.0,13.45,13.45,13.45,100,1000000,0,0
HOSE,TNA,2022-11-22,6.0,0.2,0.0345,5.8,5.8,6.1,5.4,417800,2418000000,0,0
HOSE,KDC,2022-11-22,61.0,2.0,0.0339,59.0,59.8,61.0,59.3,781600,46895000000,2287000,133700000000
HOSE,TDG,2022-11-22,4.0,0.13,0.0336,3.87,3.96,4.14,3.95,352400,1437000000,0,0
HOSE,SPM,2022-11-22,14.3,0.45,0.0325,13.85,13.5,14.3,13.5,800,10000000,0,0
HOSE,ELC,2022-11-22,8.0,0.25,0.0323,7.75,7.3,8.28,7.3,319000,2548000000,0,0
HOSE,LBM,2022-11-22,42.1,1.3,0.0319,40.8,42.1,42.1,42.1,100,4000000,0,0
HOSE,TNH,2022-11-22,31.5,0.9,0.0294,30.6,30.6,31.5,30.0,253900,7900000000,0,0
HOSE,PTL,2022-11-22,3.54,0.1,0.0291,3.44,3.42,3.68,3.41,252900,909000000,0,0
HOSE,CSV,2022-11-22,28.7,0.8,0.0287,27.9,27.6,29.1,27.6,554400,15829000000,50000,1425000000
HOSE,TEG,2022-11-22,7.05,0.19,0.0277,6.86,6.86,7.18,6.83,185200,1292000000,0,0
HOSE,SAM,2022-11-22,6.36,0.17,0.0275,6.19,6.6,6.62,6.2,2534300,16508000000,840000,4872000000
HOSE,HCM,2022-11-22,19.0,0.5,0.027000000000000003,18.5,18.35,19.75,18.15,9576600,183600000000,0,0
HOSE,CTI,2022-11-22,11.5,0.3,0.0268,11.2,11.2,11.9,11.1,266600,3043000000,0,0
HOSE,AMD,2022-11-22,1.15,0.03,0.0268,1.12,1.19,1.19,1.13,3304600,3909000000,0,0
HOSE,BID,2022-11-22,36.45,0.95,0.0268,35.5,34.6,36.75,34.6,2109100,76124000000,0,0
HOSE,TVB,2022-11-22,3.9,0.1,0.0263,3.8,3.8,4.05,3.78,328800,1290000000,0,0
HOSE,SCS,2022-11-22,72.0,1.8,0.0256,70.2,70.9,72.0,70.0,40800,2903000000,0,0
HOSE,TCL,2022-11-22,28.35,0.7,0.0253,27.65,27.3,28.55,27.3,71800,2005000000,0,0
HOSE,YBM,2022-11-22,5.7,0.14,0.0252,5.56,5.57,5.74,5.57,1000,5000000,0,0
HOSE,DAT,2022-11-22,10.4,0.25,0.0246,10.15,9.51,10.5,9.51,2000,20000000,0,0
HOSE,THG,2022-11-22,35.45,0.85,0.0246,34.6,34.5,35.85,34.5,27700,969000000,0,0
HOSE,VPS,2022-11-22,9.68,0.23,0.024300000000000002,9.45,9.7,9.7,9.5,1000,9000000,0,0
HOSE,LDG,2022-11-22,4.3,0.1,0.023799999999999998,4.2,4.34,4.49,4.2,7116400,31601000000,0,0
HOSE,DIG,2022-11-22,13.0,0.3,0.0236,12.7,13.35,13.55,12.2,36518100,483159000000,0,0
HOSE,LM8,2022-11-22,8.7,0.2,0.0235,8.5,8.5,8.7,8.5,500,4000000,0,0
HOSE,SBT,2022-11-22,11.0,0.25,0.0233,10.75,10.75,11.2,10.7,1943900,21337000000,0,0
HOSE,EVF,2022-11-22,6.65,0.15,0.0231,6.5,6.78,6.85,6.4,202200,1351000000,0,0
HOSE,ORS,2022-11-22,8.48,0.19,0.0229,8.29,8.2,8.71,8.08,1839200,15584000000,0,0
HOSE,GMD,2022-11-22,42.75,0.95,0.0227,41.8,41.8,43.7,41.8,509600,22090000000,0,0
HOSE,ITC,2022-11-22,7.4,0.16,0.022099999999999998,7.24,7.74,7.74,7.02,1345000,10319000000,0,0
HOSE,FIT,2022-11-22,3.71,0.08,0.022000000000000002,3.63,3.7,3.88,3.68,3515300,13482000000,0,0
HOSE,SCR,2022-11-22,5.11,0.11,0.022000000000000002,5.0,5.25,5.35,5.03,8085800,42897000000,0,0
HOSE,HSL,2022-11-22,3.72,0.08,0.022000000000000002,3.64,3.64,3.79,3.43,56700,210000000,0,0
HOSE,LPB,2022-11-22,9.96,0.21,0.0215,9.75,9.7,10.4,9.66,13606700,137356000000,288000,2932200000
HOSE,TLG,2022-11-22,44.0,0.9,0.0209,43.1,43.65,44.05,42.2,236200,10337000000,0,0
HOSE,RAL,2022-11-22,74.0,1.5,0.0207,72.5,71.0,77.5,71.0,27100,2000000000,0,0
HOSE,MHC,2022-11-22,3.95,0.08,0.0207,3.87,3.97,4.08,3.9,58300,231000000,0,0
HOSE,VNM,2022-11-22,79.5,1.6,0.020499999999999997,77.9,77.5,80.2,77.4,2281200,181185000000,0,0
HOSE,AGR,2022-11-22,6.97,0.14,0.020499999999999997,6.83,6.84,7.2,6.71,585000,4121000000,0,0
HOSE,DPG,2022-11-22,22.8,0.45,0.020099999999999996,22.35,23.3,23.9,22.35,1339800,31632000000,0,0
HOSE,SMB,2022-11-22,41.5,0.8,0.0197,40.7,40.7,41.5,40.5,40400,1651000000,0,0
HOSE,BFC,2022-11-22,15.8,0.3,0.0194,15.5,15.5,16.2,15.5,110500,1747000000,0,0
HOSE,GTA,2022-11-22,13.25,0.25,0.0192,13.0,13.25,13.25,13.25,100,1000000,0,0
HOSE,PHR,2022-11-22,37.5,0.7,0.019,36.8,36.95,38.3,36.3,890500,33226000000,0,0
HOSE,NNC,2022-11-22,16.4,0.3,0.018600000000000002,16.1,15.2,16.6,15.2,25900,419000000,0,0
HOSE,CCL,2022-11-22,5.5,0.1,0.018500000000000003,5.4,5.49,5.7,5.45,127900,706000000,0,0
HOSE,TDC,2022-11-22,8.65,0.15,0.0176,8.5,8.5,9.09,8.45,1197300,10586000000,0,0
HOSE,HAP,2022-11-22,4.74,0.08,0.0172,4.66,4.65,4.98,4.56,244700,1172000000,0,0
HOSE,TDH,2022-11-22,3.0,0.05,0.0169,2.95,3.15,3.15,3.0,180700,552000000,0,0
HOSE,BMP,2022-11-22,54.8,0.9,0.0167,53.9,54.7,54.8,54.0,123800,6744000000,0,0
HOSE,TVT,2022-11-22,24.4,0.4,0.0167,24.0,22.5,24.4,22.5,5100,124000000,0,0
HOSE,LHG,2022-11-22,19.0,0.3,0.016,18.7,18.9,20.0,18.9,387200,7530000000,0,0
HOSE,SSI,2022-11-22,16.35,0.25,0.0155,16.1,15.9,17.0,15.9,29655000,488179000000,0,0
HOSE,ITA,2022-11-22,3.3,0.05,0.0154,3.25,3.25,3.47,3.2,4198900,14217000000,0,0
HOSE,VNL,2022-11-22,20.0,0.3,0.0152,19.7,19.55,21.0,19.55,8400,173000000,0,0
HOSE,NHH,2022-11-22,13.4,0.2,0.0152,13.2,13.4,13.6,12.95,290800,3846000000,0,0
HOSE,VOS,2022-11-22,7.6,0.11,0.0147,7.49,7.5,7.97,7.46,957100,7376000000,0,0
HOSE,FCN,2022-11-22,7.7,0.11,0.014499999999999999,7.59,7.45,8.12,7.45,3206400,25570000000,0,0
HOSE,AAM,2022-11-22,10.65,0.15,0.0143,10.5,10.5,11.2,10.45,4300,45000000,0,0
HOSE,SII,2022-11-22,14.4,0.2,0.0141,14.2,13.25,14.4,13.25,1600,21000000,0,0
HOSE,OCB,2022-11-22,14.55,0.2,0.0139,14.35,14.35,14.95,14.2,1623700,23669000000,75000,1080000000
HOSE,BSI,2022-11-22,15.0,0.2,0.013500000000000002,14.8,14.65,15.75,14.3,720500,10913000000,0,0
HOSE,CTR,2022-11-22,42.65,0.55,0.0131,42.1,42.0,43.5,41.15,341900,14573000000,0,0
HOSE,VTB,2022-11-22,11.95,0.15,0.0127,11.8,11.7,11.95,11.7,600,7000000,0,0
HOSE,C47,2022-11-22,7.19,0.09,0.0127,7.1,7.0,7.45,6.9,118800,859000000,0,0
HOSE,FDC,2022-11-22,20.0,0.25,0.0127,19.75,18.4,20.0,18.4,3700,71000000,1100000,20240000000
HOSE,PTB,2022-11-22,37.35,0.45,0.012199999999999999,36.9,36.2,38.3,36.2,461500,17164000000,0,0
HOSE,VSH,2022-11-22,29.2,0.35,0.0121,28.85,28.9,29.5,28.85,79500,2315000000,0,0
HOSE,STB,2022-11-22,16.9,0.2,0.012,16.7,16.6,17.85,16.6,30775500,534710000000,162000,2754000000
HOSE,DCM,2022-11-22,25.75,0.3,0.0118,25.45,25.0,26.6,24.85,4829900,125274000000,60000,1578000000
HOSE,ADS,2022-11-22,9.5,0.11,0.011699999999999999,9.39,9.23,9.7,9.1,815200,7616000000,0,0
HOSE,VPD,2022-11-22,22.05,0.25,0.0115,21.8,22.9,22.9,21.9,26900,607000000,383000,7774900000
HOSE,C32,2022-11-22,17.7,0.2,0.011399999999999999,17.5,17.2,17.8,17.2,19500,340000000,0,0
HOSE,FRT,2022-11-22,63.4,0.7,0.011200000000000002,62.7,61.5,65.2,60.1,1491500,94042000000,0,0
HOSE,SVD,2022-11-22,2.82,0.03,0.0108,2.79,2.8,2.93,2.75,26100,74000000,0,0
HOSE,HVH,2022-11-22,4.75,0.05,0.0106,4.7,4.72,4.87,4.72,122400,585000000,0,0
HOSE,TN1,2022-11-22,19.1,0.2,0.0106,18.9,18.9,19.1,18.9,2000,38000000,0,0
HOSE,ICT,2022-11-22,14.6,0.15,0.0104,14.45,15.0,15.0,14.15,8800,125000000,0,0
HOSE,LIX,2022-11-22,39.6,0.4,0.0102,39.2,40.6,40.6,39.6,2400,95000000,0,0
HOSE,VNG,2022-11-22,7.93,0.08,0.0102,7.85,7.33,8.22,7.33,70900,566000000,0,0
HOSE,DPR,2022-11-22,45.0,0.45,0.0101,44.55,44.2,45.55,44.0,195000,8760000000,0,0
HOSE,BVH,2022-11-22,48.15,0.45,0.009399999999999999,47.7,47.95,49.2,47.7,618400,30012000000,0,0
HOSE,HII,2022-11-22,4.34,0.04,0.009300000000000001,4.3,4.38,4.49,4.21,194900,844000000,0,0
HOSE,CNG,2022-11-22,21.9,0.2,0.0092,21.7,22.55,22.55,21.6,112400,2482000000,0,0
HOSE,DHA,2022-11-22,27.95,0.25,0.009000000000000001,27.7,27.7,28.1,26.9,42700,1183000000,0,0
HOSE,PNJ,2022-11-22,103.0,0.9,0.0088,102.1,103.8,105.7,102.2,286100,29823000000,387000,41452400000
HOSE,DHG,2022-11-22,82.7,0.7,0.0085,82.0,82.0,82.7,81.0,7300,596000000,0,0
HOSE,MSB,2022-11-22,11.95,0.1,0.0084,11.85,11.9,12.2,11.8,2537400,30436000000,9523000,112887550000
HOSE,HTV,2022-11-22,10.0,0.08,0.008100000000000001,9.92,10.05,10.05,10.0,2100,21000000,0,0
HOSE,CTS,2022-11-22,8.95,0.07,0.0079,8.88,8.88,9.49,8.8,937900,8595000000,0,0
HOSE,HVX,2022-11-22,2.56,0.02,0.0079,2.54,2.42,2.69,2.42,26500,68000000,0,0
HOSE,CTF,2022-11-22,26.2,0.2,0.0077,26.0,26.0,26.35,25.8,432100,11290000000,0,0
HOSE,LEC,2022-11-22,6.85,0.05,0.0074,6.8,6.33,6.85,6.33,400,2000000,0,0
HOSE,VIX,2022-11-22,6.85,0.05,0.0074,6.8,6.7,7.27,6.59,18308600,129300000000,0,0
HOSE,REE,2022-11-22,70.0,0.5,0.0072,69.5,69.2,70.5,68.7,560200,39115000000,0,0
HOSE,CMG,2022-11-22,35.95,0.25,0.006999999999999999,35.7,35.75,37.0,34.6,76800,2777000000,0,0
HOSE,QCG,2022-11-22,4.36,0.03,0.0069,4.33,4.61,4.61,4.3,419900,1874000000,0,0
HOSE,HAG,2022-11-22,7.8,0.05,0.006500000000000001,7.75,7.85,8.29,7.76,21847600,175733000000,0,0
HOSE,MBB,2022-11-22,15.8,0.1,0.0064,15.7,15.7,16.45,15.6,13394200,214587000000,7280000,120992500000
HOSE,HTI,2022-11-22,16.1,0.1,0.0063,16.0,15.95,16.1,15.95,14000,225000000,0,0
HOSE,CRC,2022-11-22,5.23,0.03,0.0058,5.2,5.2,5.49,5.05,50900,268000000,0,0
HOSE,FPT,2022-11-22,70.5,0.4,0.005699999999999999,70.1,70.0,72.0,69.1,1176300,83184000000,20000,1400000000
HOSE,SGN,2022-11-22,53.0,0.3,0.005699999999999999,52.7,52.5,53.0,52.5,4800,253000000,0,0
HOSE,VNE,2022-11-22,9.2,0.05,0.0055000000000000005,9.15,9.16,9.4,9.15,203200,1874000000,637400,5424274000
HOSE,MSH,2022-11-22,37.0,0.2,0.0054,36.8,36.2,37.3,36.2,61800,2282000000,0,0
HOSE,HAH,2022-11-22,28.15,0.15,0.0054,28.0,28.95,29.9,28.0,1672700,48860000000,0,0
HOSE,LGC,2022-11-22,49.8,0.25,0.005,49.55,49.8,49.8,49.8,100,4000000,0,0
HOSE,POW,2022-11-22,10.35,0.05,0.0049,10.3,10.3,10.8,10.2,11403800,120303000000,0,0
HOSE,ACC,2022-11-22,10.85,0.05,0.0046,10.8,10.5,11.1,10.1,74000,798000000,0,0
HOSE,CCI,2022-11-22,21.75,0.1,0.0046,21.65,20.15,21.75,20.15,400,8000000,0,0
HOSE,DXV,2022-11-22,4.35,0.02,0.0046,4.33,4.5,4.5,4.2,3500,14000000,0,0
HOSE,GEG,2022-11-22,11.25,0.05,0.0045000000000000005,11.2,11.3,11.7,11.1,899500,10253000000,0,0
HOSE,HHP,2022-11-22,9.09,0.04,0.0044,9.05,9.0,9.09,8.9,17800,161000000,0,0
HOSE,TRA,2022-11-22,94.9,0.4,0.0042,94.5,94.4,94.9,94.4,5000,472000000,0,0
HOSE,VCA,2022-11-22,10.0,0.04,0.004,9.96,9.95,10.0,9.95,2000,19000000,0,0
HOSE,MIG,2022-11-22,14.0,0.05,0.0036,13.95,13.95,14.6,13.8,909000,12866000000,0,0
HOSE,DQC,2022-11-22,14.3,0.05,0.0034999999999999996,14.25,13.6,14.8,13.6,94800,1377000000,0,0
HOSE,TDM,2022-11-22,30.7,0.1,0.0033,30.6,29.6,30.8,28.8,112600,3381000000,2500000,81250000000
HOSE,HVN,2022-11-22,9.38,0.03,0.0032,9.35,9.3,9.7,9.25,634900,6020000000,915000,8715500000
HOSE,KBC,2022-11-22,16.85,0.05,0.003,16.8,16.8,17.6,16.5,14955400,253982000000,0,0
HOSE,BTT,2022-11-22,35.15,0.1,0.0029,35.05,35.1,35.15,35.1,300,10000000,0,0
HOSE,SHA,2022-11-22,3.73,0.01,0.0027,3.72,3.71,3.87,3.65,19400,73000000,0,0
HOSE,TPB,2022-11-22,20.65,0.05,0.0024,20.6,20.5,21.2,20.15,5489300,113684000000,0,0
HOSE,KDH,2022-11-22,22.45,0.05,0.0022,22.4,22.4,23.6,22.0,4370700,99288000000,0,0
HOSE,NLG,2022-11-22,23.1,0.05,0.0022,23.05,23.6,24.65,22.6,6617100,157170000000,149400,3510900000
HOSE,ASG,2022-11-22,25.25,0.05,0.002,25.2,25.25,25.25,25.25,100,2000000,0,0
HOSE,BCE,2022-11-22,5.45,0.01,0.0018,5.44,5.4,5.8,5.4,58200,326000000,0,0
HOSE,SVC,2022-11-22,112.2,0.0,0.0,112.2,112.2,112.2,112.2,0,0,0,0
HOSE,STG,2022-11-22,38.1,0.0,0.0,38.1,38.1,38.1,38.1,100,3000000,0,0
HOSE,SGR,2022-11-22,13.8,0.0,0.0,13.8,14.45,14.45,13.8,19600,278000000,0,0
HOSE,SGT,2022-11-22,10.0,0.0,0.0,10.0,9.5,10.2,9.5,42300,421000000,0,0
HOSE,BRC,2022-11-22,10.55,0.0,0.0,10.55,10.55,10.55,10.55,0,0,0,0
HOSE,NTL,2022-11-22,16.8,0.0,0.0,16.8,17.0,17.45,16.1,551900,9203000000,0,0
HOSE,ABR,2022-11-22,9.72,0.0,0.0,9.72,9.72,9.72,9.72,0,0,0,0
HOSE,FMC,2022-11-22,31.75,0.0,0.0,31.75,31.75,33.0,31.6,72600,2316000000,0,0
HOSE,SSB,2022-11-22,29.8,0.0,0.0,29.8,29.85,30.05,27.75,1269400,37789000000,5000000,149000000000
HOSE,PPC,2022-11-22,12.4,0.0,0.0,12.4,12.4,12.7,12.2,141300,1751000000,0,0
HOSE,SMA,2022-11-22,7.4,0.0,0.0,7.4,7.4,7.4,7.4,100,0,0,0
HOSE,PDN,2022-11-22,129.1,0.0,0.0,129.1,138.0,138.1,129.1,3300,453000000,0,0
HOSE,BHN,2022-11-22,44.0,0.0,0.0,44.0,44.0,44.0,44.0,0,0,0,0
HOSE,POM,2022-11-22,4.24,0.0,0.0,4.24,4.35,4.4,4.2,111400,483000000,0,0
HOSE,PMG,2022-11-22,12.95,0.0,0.0,12.95,12.95,12.95,12.95,0,0,0,0
HOSE,BIC,2022-11-22,26.8,0.0,0.0,26.8,26.8,27.4,25.2,21400,575000000,0,0
HOSE,PGI,2022-11-22,24.8,0.0,0.0,24.8,24.85,25.4,24.8,3200,79000000,0,0
HOSE,PNC,2022-11-22,8.2,0.0,0.0,8.2,8.2,8.2,8.2,0,0,0,0
HOSE,SJD,2022-11-22,14.5,0.0,0.0,14.5,14.7,14.7,14.4,26700,387000000,0,0
HOSE,AGG,2022-11-22,33.5,0.0,0.0,33.5,34.0,34.0,33.1,36000,1205000000,0,0
HOSE,SHB,2022-11-22,10.4,0.0,0.0,10.4,10.4,10.75,10.2,15178300,158616000000,3660000,37984000000
HOSE,SRC,2022-11-22,15.5,0.0,0.0,15.5,15.5,15.5,15.5,100,1000000,0,0
HOSE,AGM,2022-11-22,10.6,0.0,0.0,10.6,10.0,10.6,9.88,46100,472000000,0,0
HOSE,BBC,2022-11-22,51.5,0.0,0.0,51.5,51.5,51.5,51.5,0,0,0,0
HOSE,SMC,2022-11-22,8.44,0.0,0.0,8.44,8.03,8.8,8.03,328800,2740000000,0,0
HOSE,PIT,2022-11-22,4.07,0.0,0.0,4.07,4.07,4.13,4.07,6600,26000000,0,0
HOSE,PAC,2022-11-22,30.9,0.0,0.0,30.9,30.9,30.9,30.9,0,0,0,0
HOSE,HCD,2022-11-22,5.5,0.0,0.0,5.5,5.3,5.85,5.3,381400,2111000000,0,0
HOSE,TTA,2022-11-22,8.8,0.0,0.0,8.8,8.75,9.2,8.7,273400,2431000000,0,0
HOSE,DPM,2022-11-22,36.0,0.0,0.0,36.0,35.6,37.3,35.1,2292200,83461000000,0,0
HOSE,TTE,2022-11-22,11.3,0.0,0.0,11.3,11.3,11.3,11.3,0,0,0,0
HOSE,DRH,2022-11-22,3.3,0.0,0.0,3.3,3.53,3.53,3.15,4822100,16502000000,0,0
HOSE,TTB,2022-11-22,2.6,0.0,0.0,2.6,2.59,2.77,2.59,483800,1303000000,0,0
HOSE,HRC,2022-11-22,57.0,0.0,0.0,57.0,57.0,57.0,57.0,0,0,0,0
HOSE,DGC,2022-11-22,51.1,0.0,0.0,51.1,49.5,53.5,48.1,6143000,312451000000,0,0
HOSE,HTL,2022-11-22,15.35,0.0,0.0,15.35,15.35,15.35,15.35,0,0,0,0
HOSE,DHM,2022-11-22,10.0,0.0,0.0,10.0,10.0,10.0,9.6,177500,1771000000,500000,5000000000
HOSE,VHC,2022-11-22,66.6,0.0,0.0,66.6,65.7,68.6,65.1,664100,44180000000,0,0
HOSE,TMP,2022-11-22,50.5,0.0,0.0,50.5,50.5,50.5,50.5,0,0,0,0
HOSE,UDC,2022-11-22,6.3,0.0,0.0,6.3,6.3,6.55,5.86,40800,247000000,0,0
HOSE,FCM,2022-11-22,3.34,0.0,0.0,3.34,3.35,3.4,3.3,157700,533000000,0,0
HOSE,GAB,2022-11-22,196.4,0.0,0.0,196.4,196.4,196.4,196.4,0,0,0,0
HOSE,FTS,2022-11-22,16.35,0.0,0.0,16.35,16.2,17.45,15.8,2166600,36460000000,86800,1432200000
HOSE,UIC,2022-11-22,32.7,0.0,0.0,32.7,32.7,32.7,32.7,0,0,0,0
HOSE,GMC,2022-11-22,11.4,0.0,0.0,11.4,11.5,11.8,11.4,2800,32000000,0,0
HOSE,DVP,2022-11-22,42.5,0.0,0.0,42.5,42.65,42.65,42.5,5700,242000000,0,0
HOSE,DTT,2022-11-22,12.45,0.0,0.0,12.45,12.45,12.45,12.45,0,0,0,0
HOSE,VCF,2022-11-22,216.1,0.0,0.0,216.1,216.1,216.1,216.1,0,0,0,0
HOSE,GDT,2022-11-22,31.45,0.0,0.0,31.45,31.45,31.45,31.45,600,18000000,0,0
HOSE,VDP,2022-11-22,38.7,0.0,0.0,38.7,38.7,38.7,38.7,0,0,0,0
HOSE,TIX,2022-11-22,32.0,0.0,0.0,32.0,32.0,32.0,32.0,0,0,0,0
HOSE,VNS,2022-11-22,16.0,0.0,0.0,16.0,14.9,16.8,14.9,44800,725000000,0,0
HOSE,LSS,2022-11-22,5.7,0.0,0.0,5.7,5.77,5.99,5.7,316500,1836000000,0,0
HOSE,LAF,2022-11-22,15.75,0.0,0.0,15.75,15.75,15.75,15.75,0,0,0,0
HOSE,CRE,2022-11-22,10.5,0.0,0.0,10.5,10.0,10.55,10.0,106700,1113000000,0,0
HOSE,L10,2022-11-22,25.0,0.0,0.0,25.0,25.0,25.0,25.0,0,0,0,0
HOSE,MCP,2022-11-22,12.65,0.0,0.0,12.65,12.65,12.65,12.65,100,1000000,0,0
HOSE,CHP,2022-11-22,22.4,0.0,0.0,22.4,22.05,22.5,22.05,56100,1241000000,0,0
HOSE,CDC,2022-11-22,17.8,0.0,0.0,17.8,17.8,18.0,17.6,144500,2571000000,0,0
HOSE,TCM,2022-11-22,44.9,0.0,0.0,44.9,45.0,45.6,44.45,652900,29318000000,0,0
HOSE,VPB,2022-11-22,15.5,0.0,0.0,15.5,15.25,16.45,15.1,16566500,258536000000,0,0
HOSE,TCR,2022-11-22,2.84,0.0,0.0,2.84,2.95,3.0,2.65,14200,38000000,0,0
HOSE,KOS,2022-11-22,36.0,0.0,0.0,36.0,35.9,36.3,35.8,343800,12403000000,0,0
HOSE,D2D,2022-11-22,20.2,0.0,0.0,20.2,20.05,20.95,19.55,48100,983000000,0,0
HOSE,DBD,2022-11-22,36.5,0.0,0.0,36.5,36.5,36.7,36.5,10700,391000000,0,0
HOSE,TDW,2022-11-22,43.25,0.0,0.0,43.25,43.25,43.25,43.25,0,0,0,0
HOSE,VND,2022-11-22,11.3,0.0,0.0,11.3,11.05,12.0,10.95,35659800,410047000000,1053220,12638640000
HOSE,CVT,2022-11-22,45.85,0.0,0.0,45.85,45.85,45.85,45.85,0,0,0,0
HOSE,THI,2022-11-22,21.4,0.0,0.0,21.4,21.4,21.4,21.4,0,0,0,0
HOSE,KHP,2022-11-22,7.05,0.0,0.0,7.05,7.25,7.26,6.9,230100,1637000000,0,0
HOSE,HAS,2022-11-22,8.49,-0.01,-0.0012,8.5,8.0,8.49,7.91,18300,145000000,0,0
HOSE,DCL,2022-11-22,23.7,-0.05,-0.0021,23.75,23.1,23.7,23.05,54400,1271000000,0,0
HOSE,DMC,2022-11-22,42.8,-0.1,-0.0023,42.9,42.9,42.9,42.8,900,38000000,0,0
HOSE,DRC,2022-11-22,18.95,-0.05,-0.0026,19.0,19.0,19.55,18.9,373300,7167000000,0,0
HOSE,S4A,2022-11-22,36.0,-0.1,-0.0028000000000000004,36.1,33.6,36.0,33.6,4400,148000000,0,0
HOSE,ACG,2022-11-22,35.9,-0.1,-0.0028000000000000004,36.0,34.25,35.95,33.6,5100,177000000,0,0
HOSE,PGV,2022-11-22,17.1,-0.05,-0.0029,17.15,17.85,17.85,15.95,2900,47000000,0,0
HOSE,CMX,2022-11-22,6.6,-0.02,-0.003,6.62,6.62,6.92,6.32,928900,6191000000,0,0
HOSE,VGC,2022-11-22,30.2,-0.1,-0.0033,30.3,30.3,32.2,30.2,943200,29412000000,0,0
HOSE,MDG,2022-11-22,13.75,-0.05,-0.0036,13.8,13.8,13.8,13.75,200,2000000,0,0
HOSE,SKG,2022-11-22,13.4,-0.05,-0.0037,13.45,13.4,14.15,13.2,203200,2774000000,0,0
HOSE,CII,2022-11-22,12.8,-0.05,-0.0039000000000000003,12.85,12.95,13.7,12.6,7360400,98289000000,2083200,28089840000
HOSE,DRL,2022-11-22,67.7,-0.3,-0.0044,68.0,67.9,67.9,67.7,1200,81000000,0,0
HOSE,VRE,2022-11-22,26.15,-0.15,-0.005699999999999999,26.3,26.1,28.0,26.05,1870400,49907000000,0,0
HOSE,AAA,2022-11-22,6.96,-0.04,-0.005699999999999999,7.0,7.04,7.29,6.82,4797500,33894000000,0,0
HOSE,NCT,2022-11-22,84.2,-0.5,-0.0059,84.7,85.0,85.0,84.0,3900,328000000,0,0
HOSE,PET,2022-11-22,15.6,-0.1,-0.0064,15.7,15.8,16.75,15.4,1277700,20801000000,0,0
HOSE,CAV,2022-11-22,46.7,-0.3,-0.0064,47.0,47.0,47.0,46.7,1100,51000000,0,0
HOSE,SZL,2022-11-22,46.0,-0.3,-0.006500000000000001,46.3,44.0,46.0,44.0,1200,53000000,0,0
HOSE,TPC,2022-11-22,6.01,-0.04,-0.0066,6.05,6.17,6.2,5.82,2800,17000000,0,0
HOSE,APH,2022-11-22,7.2,-0.05,-0.0069,7.25,7.3,7.4,7.05,2808800,20379000000,0,0
HOSE,NSC,2022-11-22,69.0,-0.5,-0.0072,69.5,70.8,70.8,65.1,12000,813000000,0,0
HOSE,SJS,2022-11-22,40.5,-0.3,-0.0074,40.8,37.95,40.75,37.95,197700,7743000000,170000,6460000000
HOSE,SAB,2022-11-22,181.2,-1.4,-0.0077,182.6,180.7,185.0,180.1,103100,18793000000,37000,6697000000
HOSE,DBC,2022-11-22,12.35,-0.1,-0.008,12.45,12.1,13.3,12.1,3696300,46958000000,511380,6494526000
HOSE,SBV,2022-11-22,12.0,-0.1,-0.0083,12.1,12.05,12.1,12.0,17300,207000000,0,0
HOSE,CTG,2022-11-22,23.9,-0.2,-0.0083,24.1,23.9,24.9,23.5,7649900,185708000000,40000,960000000
HOSE,OPC,2022-11-22,23.0,-0.2,-0.0086,23.2,23.0,23.0,22.6,2800,63000000,0,0
HOSE,HTN,2022-11-22,16.65,-0.15,-0.0089,16.8,16.75,17.5,16.2,347700,5833000000,0,0
HOSE,DBT,2022-11-22,10.4,-0.1,-0.0095,10.5,10.0,10.5,10.0,16400,170000000,0,0
HOSE,ACL,2022-11-22,10.35,-0.1,-0.0096,10.45,10.6,10.8,9.8,90000,929000000,0,0
HOSE,CSM,2022-11-22,15.25,-0.15,-0.0097,15.4,14.5,15.25,14.5,1200,17000000,0,0
HOSE,HPG,2022-11-22,14.8,-0.15,-0.01,14.95,14.65,15.45,14.45,43246700,640093000000,100000,1395000000
HOSE,HDB,2022-11-22,14.65,-0.15,-0.0101,14.8,15.0,15.2,14.6,1480900,22012000000,1150000,17120000000
HOSE,NT2,2022-11-22,24.0,-0.25,-0.0103,24.25,24.1,24.6,23.8,716800,17384000000,0,0
HOSE,NHT,2022-11-22,14.4,-0.15,-0.0103,14.55,14.0,14.4,13.6,700,9000000,0,0
HOSE,MWG,2022-11-22,40.2,-0.45,-0.0111,40.65,40.2,41.6,39.85,3707900,150610000000,0,0
HOSE,PGD,2022-11-22,26.8,-0.3,-0.0111,27.1,26.9,26.9,26.8,2300,61000000,0,0
HOSE,HMC,2022-11-22,8.9,-0.1,-0.0111,9.0,8.83,9.12,8.83,123500,1109000000,0,0
HOSE,EVE,2022-11-22,13.25,-0.15,-0.011200000000000002,13.4,13.0,13.8,13.0,30700,407000000,0,0
HOSE,SZC,2022-11-22,26.35,-0.3,-0.0113,26.65,26.7,27.8,25.5,596700,15955000000,0,0
HOSE,NBB,2022-11-22,13.0,-0.15,-0.011399999999999999,13.15,13.25,13.85,12.55,1268700,16635000000,0,0
HOSE,STK,2022-11-22,25.8,-0.3,-0.0115,26.1,26.1,26.1,25.7,8900,230000000,50000,1375000000
HOSE,DSN,2022-11-22,46.8,-0.55,-0.0116,47.35,46.7,47.4,46.7,4200,196000000,0,0
HOSE,ACB,2022-11-22,20.35,-0.25,-0.0121,20.6,20.4,21.35,20.35,4427400,92198000000,50000,960000000
HOSE,HBC,2022-11-22,7.99,-0.1,-0.0124,8.09,8.0,8.64,7.8,4490500,37062000000,0,0
HOSE,RDP,2022-11-22,6.09,-0.08,-0.013000000000000001,6.17,6.17,6.17,5.74,26400,156000000,0,0
HOSE,CLC,2022-11-22,32.5,-0.45,-0.0137,32.95,32.5,32.5,32.5,500,16000000,0,0
HOSE,SRF,2022-11-22,9.24,-0.13,-0.0139,9.37,10.0,10.0,9.01,2200,21000000,0,0
HOSE,VDS,2022-11-22,7.07,-0.1,-0.0139,7.17,7.04,7.5,7.0,485900,3507000000,0,0
HOSE,VCG,2022-11-22,14.0,-0.2,-0.0141,14.2,14.2,15.1,13.8,7593600,109854000000,0,0
HOSE,PC1,2022-11-22,16.2,-0.25,-0.0152,16.45,17.1,17.4,16.0,3382600,57182000000,0,0
HOSE,VIB,2022-11-22,18.2,-0.3,-0.016200000000000003,18.5,18.35,19.0,18.15,4852700,89991000000,11033530,193086775000
HOSE,CKG,2022-11-22,24.1,-0.4,-0.0163,24.5,23.7,25.1,23.7,505500,12360000000,0,0
HOSE,VMD,2022-11-22,18.0,-0.3,-0.016399999999999998,18.3,18.3,18.3,17.15,2800,49000000,0,0
HOSE,APC,2022-11-22,14.5,-0.25,-0.0169,14.75,14.1,14.5,13.8,12800,181000000,0,0
HOSE,TCB,2022-11-22,21.85,-0.4,-0.018000000000000002,22.25,22.05,23.05,21.85,7548800,169118000000,1900000,44840000000
HOSE,IJC,2022-11-22,10.75,-0.2,-0.0183,10.95,10.8,11.7,10.7,3764200,42085000000,0,0
HOSE,HDG,2022-11-22,26.7,-0.5,-0.0184,27.2,26.9,28.4,25.7,6367800,171788000000,0,0
HOSE,ST8,2022-11-22,7.9,-0.15,-0.018600000000000002,8.05,8.05,8.1,7.9,22100,176000000,0,0
HOSE,GAS,2022-11-22,109.2,-2.1,-0.0189,111.3,111.1,114.9,109.1,314100,35018000000,0,0
HOSE,IBC,2022-11-22,15.5,-0.3,-0.019,15.8,14.7,15.5,14.7,39800,597000000,0,0
HOSE,TLH,2022-11-22,5.64,-0.11,-0.0191,5.75,5.41,6.0,5.41,479600,2773000000,0,0
HOSE,NAF,2022-11-22,8.18,-0.16,-0.0192,8.34,8.04,8.48,8.0,112600,917000000,0,0
HOSE,BCM,2022-11-22,75.0,-1.5,-0.0196,76.5,77.7,77.7,71.2,111800,8343000000,0,0
HOSE,VCB,2022-11-22,73.5,-1.5,-0.02,75.0,74.5,76.0,72.5,1936000,142582000000,0,0
HOSE,CLL,2022-11-22,24.0,-0.5,-0.0204,24.5,25.15,25.15,24.0,3000,73000000,0,0
HOSE,FIR,2022-11-22,47.0,-1.0,-0.0208,48.0,47.8,47.9,46.8,293400,13867000000,0,0
HOSE,HDC,2022-11-22,32.5,-0.75,-0.0226,33.25,33.0,35.55,32.5,2842900,96251000000,179300,5549335000
HOSE,PAN,2022-11-22,14.0,-0.35,-0.024399999999999998,14.35,14.35,15.0,14.0,2632900,38098000000,20000,287000000
HOSE,ITD,2022-11-22,11.9,-0.3,-0.0246,12.2,12.0,12.2,11.9,173300,2100000000,0,0
HOSE,VJC,2022-11-22,98.1,-2.5,-0.024900000000000002,100.6,98.9,102.3,98.0,331800,33151000000,350000,35000000000
HOSE,SAV,2022-11-22,13.35,-0.35,-0.0255,13.7,14.35,14.35,13.3,2700,36000000,0,0
HOSE,SFI,2022-11-22,33.0,-0.9,-0.0265,33.9,33.9,33.9,33.0,300,9000000,0,0
HOSE,SHI,2022-11-22,14.4,-0.4,-0.027000000000000003,14.8,14.75,14.75,14.4,144800,2116000000,0,0
HOSE,HNG,2022-11-22,4.2,-0.12,-0.0278,4.32,4.4,4.51,4.15,7852600,34539000000,0,0
HOSE,OGC,2022-11-22,7.0,-0.2,-0.0278,7.2,7.2,7.2,6.81,535400,3763000000,30000,201000000
HOSE,KSB,2022-11-22,13.95,-0.4,-0.0279,14.35,14.1,15.1,13.95,1713700,24777000000,0,0
HOSE,SFC,2022-11-22,17.2,-0.5,-0.0282,17.7,18.3,18.3,17.2,600,10000000,0,0
HOSE,SBA,2022-11-22,23.9,-0.7,-0.0285,24.6,23.0,24.0,22.9,57600,1327000000,0,0
HOSE,DXG,2022-11-22,10.2,-0.3,-0.0286,10.5,10.6,11.2,9.9,22234200,239499000000,0,0
HOSE,SHP,2022-11-22,25.45,-0.75,-0.0286,26.2,25.65,26.0,24.8,8200,205000000,0,0
HOSE,LCG,2022-11-22,5.6,-0.17,-0.029500000000000002,5.77,5.7,6.17,5.57,4841300,28706000000,0,0
HOSE,IDI,2022-11-22,8.35,-0.26,-0.0302,8.61,8.63,9.21,8.35,5596900,49276000000,0,0
HOSE,GVR,2022-11-22,12.6,-0.4,-0.0308,13.0,13.35,13.7,12.25,3396800,44147000000,0,0
HOSE,TBC,2022-11-22,28.3,-0.9,-0.0308,29.2,28.9,29.0,28.3,1200,34000000,0,0
HOSE,CMV,2022-11-22,8.79,-0.28,-0.030899999999999997,9.07,8.45,8.97,8.45,5200,44000000,0,0
HOSE,TVS,2022-11-22,22.65,-0.75,-0.0321,23.4,23.5,25.0,22.65,27100,634000000,0,0
HOSE,DC4,2022-11-22,6.58,-0.22,-0.032400000000000005,6.8,7.16,7.16,6.5,17100,114000000,0,0
HOSE,TRC,2022-11-22,24.45,-0.85,-0.0336,25.3,25.0,25.0,24.0,24000,582000000,0,0
HOSE,HHV,2022-11-22,8.02,-0.28,-0.0337,8.3,8.3,8.7,7.9,3697000,30940000000,0,0
HOSE,TNC,2022-11-22,65.0,-2.3,-0.0342,67.3,65.0,65.0,65.0,31400,2041000000,0,0
HOSE,KPF,2022-11-22,9.27,-0.33,-0.0344,9.6,8.93,9.6,8.93,168000,1545000000,365930,3267754900
HOSE,MSN,2022-11-22,91.8,-3.3,-0.0347,95.1,93.6,98.0,88.5,1395000,127720000000,0,0
HOSE,VHM,2022-11-22,45.3,-1.65,-0.0351,46.95,45.8,48.5,45.3,1851800,86081000000,0,0
HOSE,TMT,2022-11-22,8.1,-0.3,-0.035699999999999996,8.4,8.67,8.67,8.1,4400,35000000,0,0
HOSE,SVT,2022-11-22,10.6,-0.4,-0.0364,11.0,11.0,11.35,10.6,2400,26000000,0,0
HOSE,IMP,2022-11-22,50.5,-2.1,-0.039900000000000005,52.6,51.0,51.0,50.5,2000,101000000,0,0
HOSE,HUB,2022-11-22,13.0,-0.55,-0.0406,13.55,13.55,13.95,12.65,58600,780000000,0,0
HOSE,TIP,2022-11-22,15.75,-0.7,-0.0426,16.45,16.0,16.8,15.75,133100,2152000000,0,0
HOSE,HSG,2022-11-22,9.2,-0.41,-0.042699999999999995,9.61,9.5,10.15,9.18,15275200,146609000000,716400,6447600000
HOSE,HU1,2022-11-22,6.38,-0.29,-0.0435,6.67,7.13,7.13,6.38,200,1000000,0,0
HOSE,HU3,2022-11-22,4.9,-0.23,-0.044800000000000006,5.13,5.48,5.48,4.9,1000,5000000,0,0
HOSE,BTP,2022-11-22,13.7,-0.65,-0.0453,14.35,13.5,13.85,13.35,98000,1308000000,0,0
HOSE,VIC,2022-11-22,61.0,-3.0,-0.046900000000000004,64.0,64.0,65.9,61.0,1466300,92046000000,0,0
HOSE,TLD,2022-11-22,3.05,-0.15,-0.046900000000000004,3.2,3.19,3.36,3.05,246200,784000000,0,0
HOSE,TNI,2022-11-22,3.05,-0.15,-0.046900000000000004,3.2,3.2,3.42,3.05,951300,3130000000,0,0
HOSE,NKG,2022-11-22,9.2,-0.46,-0.047599999999999996,9.66,9.65,10.15,9.1,12632900,120578000000,0,0
HOSE,GIL,2022-11-22,20.7,-1.05,-0.0483,21.75,22.7,23.0,20.65,3138500,68169000000,0,0
HOSE,GEX,2022-11-22,12.65,-0.65,-0.0489,13.3,13.2,14.0,12.6,24535600,326002000000,0,0
HOSE,TMS,2022-11-22,65.0,-3.8,-0.0552,68.8,68.0,68.0,65.0,300,19000000,0,0
HOSE,VPI,2022-11-22,52.1,-3.1,-0.0562,55.2,58.0,58.0,52.1,5200,280000000,0,0
HOSE,DGW,2022-11-22,37.7,-2.3,-0.0575,40.0,37.3,40.9,37.2,1927300,74215000000,35500,1519400000
HOSE,DHC,2022-11-22,33.9,-2.1,-0.0583,36.0,35.0,35.8,33.5,1525100,52157000000,311000,10876000000
HOSE,DTL,2022-11-22,23.0,-1.5,-0.061200000000000004,24.5,24.5,24.5,23.0,3500,82000000,0,0
HOSE,ANV,2022-11-22,18.1,-1.2,-0.0622,19.3,19.8,20.6,18.1,1842900,35487000000,0,0
HOSE,COM,2022-11-22,29.55,-2.05,-0.0649,31.6,29.55,29.55,29.55,100,2000000,0,0
HOSE,ADG,2022-11-22,27.55,-1.95,-0.0661,29.5,29.55,29.55,27.55,1100,31000000,0,0
HOSE,PDR,2022-11-22,15.95,-1.15,-0.0673,17.1,15.95,15.95,15.95,34900200,556658000000,100500,1602975000
HOSE,CLW,2022-11-22,30.4,-2.2,-0.0675,32.6,30.4,30.4,30.4,100,3000000,0,0
HOSE,SC5,2022-11-22,16.2,-1.2,-0.069,17.4,17.45,17.45,16.2,1300,21000000,0,0
HOSE,HPX,2022-11-22,12.1,-0.9,-0.0692,13.0,12.1,12.1,12.1,61500,744000000,500000,6320000000
HOSE,SSC,2022-11-22,28.85,-2.15,-0.0694,31.0,28.85,28.85,28.85,100,2000000,0,0
HOSE,TCO,2022-11-22,8.3,-0.62,-0.0695,8.92,8.92,8.98,8.3,192500,1633000000,0,0
HOSE,SVI,2022-11-22,66.9,-5.0,-0.0695,71.9,66.9,66.9,66.9,100,6000000,0,0
HOSE,VPG,2022-11-22,13.35,-1.0,-0.0697,14.35,13.35,13.95,13.35,1138400,15267000000,30000,460500000
HOSE,ABT,2022-11-22,30.7,-2.3,-0.0697,33.0,30.7,30.7,30.7,200,6000000,0,0
HOSE,NVL,2022-11-22,25.35,-1.9,-0.0697,27.25,25.35,28.3,25.35,128528300,3289539000000,137700,3490695000
HOSE,HOT,2022-11-22,25.3,-1.9,-0.0699,27.2,26.0,26.0,25.3,1700,43000000,0,0
